sample_id	source_path	status	n_rows	n_tr_rows	missing_columns
SMHT001-3AK-001A2-M42-B001-broad	/stornext/snfs210/fritz/Yilei/SMaHT/sniffcell/brains/results_new_catalog_sniffcell094/same_catalog_run/SMHT001-3AK-001A2-M42-B001-broad/deconv/deconv_requested_group_splits/discover/new_catalog_sniffcell094_same_catalog_run_all/harmonized_variants.tsv	loaded	92	2	
SMHT001-3AL-001B2-M42-B001-broad	/stornext/snfs210/fritz/Yilei/SMaHT/sniffcell/brains/results_new_catalog_sniffcell094/same_catalog_run/SMHT001-3AL-001B2-M42-B001-broad/deconv/deconv_requested_group_splits/discover/new_catalog_sniffcell094_same_catalog_run_all/harmonized_variants.tsv	loaded	4	0	
SMHT001-3AM-001D2-M42-D001-uwsc	/stornext/snfs210/fritz/Yilei/SMaHT/sniffcell/brains/results_new_catalog_sniffcell094/same_catalog_run/SMHT001-3AM-001D2-M42-D001-uwsc/deconv/deconv_requested_group_splits/discover/new_catalog_sniffcell094_same_catalog_run_all/harmonized_variants.tsv	loaded	849	1	
SMHT001-3AM-002A2-M42-B004-uwsc	/stornext/snfs210/fritz/Yilei/SMaHT/sniffcell/brains/results_new_catalog_sniffcell094/same_catalog_run/SMHT001-3AM-002A2-M42-B004-uwsc/deconv/deconv_requested_group_splits/discover/new_catalog_sniffcell094_same_catalog_run_all/harmonized_variants.tsv	loaded	25	0	
SMHT001-3AN-001B1-M42-B001-broad	/stornext/snfs210/fritz/Yilei/SMaHT/sniffcell/brains/results_new_catalog_sniffcell094/same_catalog_run/SMHT001-3AN-001B1-M42-B001-broad/deconv/deconv_requested_group_splits/discover/new_catalog_sniffcell094_same_catalog_run_all/harmonized_variants.tsv	loaded	11	0	
SMHT001-3AO-001B3-M42-D001-uwsc	/stornext/snfs210/fritz/Yilei/SMaHT/sniffcell/brains/results_new_catalog_sniffcell094/same_catalog_run/SMHT001-3AO-001B3-M42-D001-uwsc/deconv/deconv_requested_group_splits/discover/new_catalog_sniffcell094_same_catalog_run_all/harmonized_variants.tsv	loaded	1112	5	
SMHT005-3AK-001C4-M59-B004-uwsc	/stornext/snfs210/fritz/Yilei/SMaHT/sniffcell/brains/results_new_catalog_sniffcell094/same_catalog_run/SMHT005-3AK-001C4-M59-B004-uwsc/deconv/deconv_requested_group_splits/discover/new_catalog_sniffcell094_same_catalog_run_all/harmonized_variants.tsv	loaded	33	0	
SMHT005-3AK-001D1-M59-D001-uwsc	/stornext/snfs210/fritz/Yilei/SMaHT/sniffcell/brains/results_new_catalog_sniffcell094/same_catalog_run/SMHT005-3AK-001D1-M59-D001-uwsc/deconv/deconv_requested_group_splits/discover/new_catalog_sniffcell094_same_catalog_run_all/harmonized_variants.tsv	loaded	37	0	
SMHT005-3AL-001B1-M59-B001-broad	/stornext/snfs210/fritz/Yilei/SMaHT/sniffcell/brains/results_new_catalog_sniffcell094/same_catalog_run/SMHT005-3AL-001B1-M59-B001-broad/deconv/deconv_requested_group_splits/discover/new_catalog_sniffcell094_same_catalog_run_all/harmonized_variants.tsv	loaded	15	0	
SMHT005-3AL-001C2-M59-B004-uwsc	/stornext/snfs210/fritz/Yilei/SMaHT/sniffcell/brains/results_new_catalog_sniffcell094/same_catalog_run/SMHT005-3AL-001C2-M59-B004-uwsc/deconv/deconv_requested_group_splits/discover/new_catalog_sniffcell094_same_catalog_run_all/harmonized_variants.tsv	loaded	0	0	
SMHT005-3AM-001C3-M59-D001-uwsc	/stornext/snfs210/fritz/Yilei/SMaHT/sniffcell/brains/results_new_catalog_sniffcell094/same_catalog_run/SMHT005-3AM-001C3-M59-D001-uwsc/deconv/deconv_requested_group_splits/discover/new_catalog_sniffcell094_same_catalog_run_all/harmonized_variants.tsv	loaded	9	0	
SMHT005-3AM-001C4-M59-B004-uwsc	/stornext/snfs210/fritz/Yilei/SMaHT/sniffcell/brains/results_new_catalog_sniffcell094/same_catalog_run/SMHT005-3AM-001C4-M59-B004-uwsc/deconv/deconv_requested_group_splits/discover/new_catalog_sniffcell094_same_catalog_run_all/harmonized_variants.tsv	loaded	21	0	
SMHT005-3AM-001D1-M59-B001-broad	/stornext/snfs210/fritz/Yilei/SMaHT/sniffcell/brains/results_new_catalog_sniffcell094/same_catalog_run/SMHT005-3AM-001D1-M59-B001-broad/deconv/deconv_requested_group_splits/discover/new_catalog_sniffcell094_same_catalog_run_all/harmonized_variants.tsv	loaded	18	0	
SMHT005-3AN-001A2-M59-B004-uwsc	/stornext/snfs210/fritz/Yilei/SMaHT/sniffcell/brains/results_new_catalog_sniffcell094/same_catalog_run/SMHT005-3AN-001A2-M59-B004-uwsc/deconv/deconv_requested_group_splits/discover/new_catalog_sniffcell094_same_catalog_run_all/harmonized_variants.tsv	loaded	350	4	
SMHT005-3AN-001B1-M59-B001-broad	/stornext/snfs210/fritz/Yilei/SMaHT/sniffcell/brains/results_new_catalog_sniffcell094/same_catalog_run/SMHT005-3AN-001B1-M59-B001-broad/deconv/deconv_requested_group_splits/discover/new_catalog_sniffcell094_same_catalog_run_all/harmonized_variants.tsv	loaded	8	1	
SMHT007-3AK-001A2-M67-B001-broad	/stornext/snfs210/fritz/Yilei/SMaHT/sniffcell/brains/results_new_catalog_sniffcell094/same_catalog_run/SMHT007-3AK-001A2-M67-B001-broad/deconv/deconv_requested_group_splits/discover/new_catalog_sniffcell094_same_catalog_run_all/harmonized_variants.tsv	loaded	31	2	
SMHT007-3AL-001A3-M67-B001-broad	/stornext/snfs210/fritz/Yilei/SMaHT/sniffcell/brains/results_new_catalog_sniffcell094/same_catalog_run/SMHT007-3AL-001A3-M67-B001-broad/deconv/deconv_requested_group_splits/discover/new_catalog_sniffcell094_same_catalog_run_all/harmonized_variants.tsv	loaded	23	0	
SMHT007-3AM-002A2-M67-B001-broad	/stornext/snfs210/fritz/Yilei/SMaHT/sniffcell/brains/results_new_catalog_sniffcell094/same_catalog_run/SMHT007-3AM-002A2-M67-B001-broad/deconv/deconv_requested_group_splits/discover/new_catalog_sniffcell094_same_catalog_run_all/harmonized_variants.tsv	loaded	10	2	
SMHT007-3AM-002B1-M67-D001-nygc	/stornext/snfs210/fritz/Yilei/SMaHT/sniffcell/brains/results_new_catalog_sniffcell094/same_catalog_run/SMHT007-3AM-002B1-M67-D001-nygc/deconv/deconv_requested_group_splits/discover/new_catalog_sniffcell094_same_catalog_run_all/harmonized_variants.tsv	loaded	425	1	
SMHT018-3AK-001B3-F89-D001-bcm	/stornext/snfs210/fritz/Yilei/SMaHT/sniffcell/brains/results_new_catalog_sniffcell094/same_catalog_run/SMHT018-3AK-001B3-F89-D001-bcm/deconv/deconv_requested_group_splits/discover/new_catalog_sniffcell094_same_catalog_run_all/harmonized_variants.tsv	loaded	503	5	
SMHT018-3AK-001C1-F89-B004-uwsc	/stornext/snfs210/fritz/Yilei/SMaHT/sniffcell/brains/results_new_catalog_sniffcell094/same_catalog_run/SMHT018-3AK-001C1-F89-B004-uwsc/deconv/deconv_requested_group_splits/discover/new_catalog_sniffcell094_same_catalog_run_all/harmonized_variants.tsv	loaded	131	1	
SMHT018-3AL-002B3-F89-B004-uwsc	/stornext/snfs210/fritz/Yilei/SMaHT/sniffcell/brains/results_new_catalog_sniffcell094/same_catalog_run/SMHT018-3AL-002B3-F89-B004-uwsc/deconv/deconv_requested_group_splits/discover/new_catalog_sniffcell094_same_catalog_run_all/harmonized_variants.tsv	loaded	116	2	
SMHT018-3AL-002C2-F89-D001-bcm	/stornext/snfs210/fritz/Yilei/SMaHT/sniffcell/brains/results_new_catalog_sniffcell094/same_catalog_run/SMHT018-3AL-002C2-F89-D001-bcm/deconv/deconv_requested_group_splits/discover/new_catalog_sniffcell094_same_catalog_run_all/harmonized_variants.tsv	loaded	1007	4	
SMHT018-3AM-001B3-F89-B004-uwsc	/stornext/snfs210/fritz/Yilei/SMaHT/sniffcell/brains/results_new_catalog_sniffcell094/same_catalog_run/SMHT018-3AM-001B3-F89-B004-uwsc/deconv/deconv_requested_group_splits/discover/new_catalog_sniffcell094_same_catalog_run_all/harmonized_variants.tsv	loaded	89	0	
SMHT018-3AM-001D2-F89-D001-bcm	/stornext/snfs210/fritz/Yilei/SMaHT/sniffcell/brains/results_new_catalog_sniffcell094/same_catalog_run/SMHT018-3AM-001D2-F89-D001-bcm/deconv/deconv_requested_group_splits/discover/new_catalog_sniffcell094_same_catalog_run_all/harmonized_variants.tsv	loaded	487	2	
SMHT018-3AN-001B3-F89-D001-bcm	/stornext/snfs210/fritz/Yilei/SMaHT/sniffcell/brains/results_new_catalog_sniffcell094/same_catalog_run/SMHT018-3AN-001B3-F89-D001-bcm/deconv/deconv_requested_group_splits/discover/new_catalog_sniffcell094_same_catalog_run_all/harmonized_variants.tsv	loaded	519	1	
SMHT020-3AK-002MC-M81-D001-bcm	/stornext/snfs210/fritz/Yilei/SMaHT/sniffcell/brains/results_new_catalog_sniffcell094/same_catalog_run/SMHT020-3AK-002MC-M81-D001-bcm/deconv/deconv_requested_group_splits/discover/new_catalog_sniffcell094_same_catalog_run_all/harmonized_variants.tsv	loaded	1408	7	
SMHT020-3AL-001A3-M81-D001-uwsc	/stornext/snfs210/fritz/Yilei/SMaHT/sniffcell/brains/results_new_catalog_sniffcell094/same_catalog_run/SMHT020-3AL-001A3-M81-D001-uwsc/deconv/deconv_requested_group_splits/discover/new_catalog_sniffcell094_same_catalog_run_all/harmonized_variants.tsv	loaded	237	3	
SMHT020-3AL-001MC-M81-D001-bcm	/stornext/snfs210/fritz/Yilei/SMaHT/sniffcell/brains/results_new_catalog_sniffcell094/same_catalog_run/SMHT020-3AL-001MC-M81-D001-bcm/deconv/deconv_requested_group_splits/discover/new_catalog_sniffcell094_same_catalog_run_all/harmonized_variants.tsv	loaded	986	5	
SMHT020-3AM-003B1-M81-D001-uwsc	/stornext/snfs210/fritz/Yilei/SMaHT/sniffcell/brains/results_new_catalog_sniffcell094/same_catalog_run/SMHT020-3AM-003B1-M81-D001-uwsc/deconv/deconv_requested_group_splits/discover/new_catalog_sniffcell094_same_catalog_run_all/harmonized_variants.tsv	loaded	290	1	
SMHT020-3AM-003B4-M81-D001-bcm	/stornext/snfs210/fritz/Yilei/SMaHT/sniffcell/brains/results_new_catalog_sniffcell094/same_catalog_run/SMHT020-3AM-003B4-M81-D001-bcm/deconv/deconv_requested_group_splits/discover/new_catalog_sniffcell094_same_catalog_run_all/harmonized_variants.tsv	loaded	526	2	
SMHT020-3AM-003C1-M81-B004-uwsc	/stornext/snfs210/fritz/Yilei/SMaHT/sniffcell/brains/results_new_catalog_sniffcell094/same_catalog_run/SMHT020-3AM-003C1-M81-B004-uwsc/deconv/deconv_requested_group_splits/discover/new_catalog_sniffcell094_same_catalog_run_all/harmonized_variants.tsv	loaded	94	0	
SMHT020-3AN-001A3-M81-D001-uwsc	/stornext/snfs210/fritz/Yilei/SMaHT/sniffcell/brains/results_new_catalog_sniffcell094/same_catalog_run/SMHT020-3AN-001A3-M81-D001-uwsc/deconv/deconv_requested_group_splits/discover/new_catalog_sniffcell094_same_catalog_run_all/harmonized_variants.tsv	loaded	104	1	
SMHT020-3AO-004MC-M81-D001-bcm	/stornext/snfs210/fritz/Yilei/SMaHT/sniffcell/brains/results_new_catalog_sniffcell094/same_catalog_run/SMHT020-3AO-004MC-M81-D001-bcm/deconv/deconv_requested_group_splits/discover/new_catalog_sniffcell094_same_catalog_run_all/harmonized_variants.tsv	loaded	639	4	
SMHT022-3AK-001A2-M63-B001-broad	/stornext/snfs210/fritz/Yilei/SMaHT/sniffcell/brains/results_new_catalog_sniffcell094/same_catalog_run/SMHT022-3AK-001A2-M63-B001-broad/deconv/deconv_requested_group_splits/discover/new_catalog_sniffcell094_same_catalog_run_all/harmonized_variants.tsv	loaded	8	0	
SMHT022-3AK-001C3-M63-D001-nygc	/stornext/snfs210/fritz/Yilei/SMaHT/sniffcell/brains/results_new_catalog_sniffcell094/same_catalog_run/SMHT022-3AK-001C3-M63-D001-nygc/deconv/deconv_requested_group_splits/discover/new_catalog_sniffcell094_same_catalog_run_all/harmonized_variants.tsv	loaded	1377	3	
SMHT022-3AL-001A2-M63-B001-broad	/stornext/snfs210/fritz/Yilei/SMaHT/sniffcell/brains/results_new_catalog_sniffcell094/same_catalog_run/SMHT022-3AL-001A2-M63-B001-broad/deconv/deconv_requested_group_splits/discover/new_catalog_sniffcell094_same_catalog_run_all/harmonized_variants.tsv	loaded	148	1	
SMHT022-3AL-001C4-M63-D001-nygc	/stornext/snfs210/fritz/Yilei/SMaHT/sniffcell/brains/results_new_catalog_sniffcell094/same_catalog_run/SMHT022-3AL-001C4-M63-D001-nygc/deconv/deconv_requested_group_splits/discover/new_catalog_sniffcell094_same_catalog_run_all/harmonized_variants.tsv	loaded	577	6	
SMHT022-3AM-001A2-M63-B001-broad	/stornext/snfs210/fritz/Yilei/SMaHT/sniffcell/brains/results_new_catalog_sniffcell094/same_catalog_run/SMHT022-3AM-001A2-M63-B001-broad/deconv/deconv_requested_group_splits/discover/new_catalog_sniffcell094_same_catalog_run_all/harmonized_variants.tsv	loaded	9	1	
SMHT022-3AM-001C4-M63-D001-nygc	/stornext/snfs210/fritz/Yilei/SMaHT/sniffcell/brains/results_new_catalog_sniffcell094/same_catalog_run/SMHT022-3AM-001C4-M63-D001-nygc/deconv/deconv_requested_group_splits/discover/new_catalog_sniffcell094_same_catalog_run_all/harmonized_variants.tsv	loaded	506	3	
SMHT022-3AN-001A2-M63-B001-broad	/stornext/snfs210/fritz/Yilei/SMaHT/sniffcell/brains/results_new_catalog_sniffcell094/same_catalog_run/SMHT022-3AN-001A2-M63-B001-broad/deconv/deconv_requested_group_splits/discover/new_catalog_sniffcell094_same_catalog_run_all/harmonized_variants.tsv	loaded	20	1	
SMHT022-3AO-001B2-M63-D001-nygc	/stornext/snfs210/fritz/Yilei/SMaHT/sniffcell/brains/results_new_catalog_sniffcell094/same_catalog_run/SMHT022-3AO-001B2-M63-D001-nygc/deconv/deconv_requested_group_splits/discover/new_catalog_sniffcell094_same_catalog_run_all/harmonized_variants.tsv	loaded	750	5	
SMHT023-3AK-002B1-M57-D001-uwsc	/stornext/snfs210/fritz/Yilei/SMaHT/sniffcell/brains/results_new_catalog_sniffcell094/same_catalog_run/SMHT023-3AK-002B1-M57-D001-uwsc/deconv/deconv_requested_group_splits/discover/new_catalog_sniffcell094_same_catalog_run_all/harmonized_variants.tsv	loaded	102	0	
SMHT023-3AK-002MC-M57-D001-bcm	/stornext/snfs210/fritz/Yilei/SMaHT/sniffcell/brains/results_new_catalog_sniffcell094/same_catalog_run/SMHT023-3AK-002MC-M57-D001-bcm/deconv/deconv_requested_group_splits/discover/new_catalog_sniffcell094_same_catalog_run_all/harmonized_variants.tsv	loaded	897	1	
SMHT023-3AL-001B2-M57-D001-uwsc	/stornext/snfs210/fritz/Yilei/SMaHT/sniffcell/brains/results_new_catalog_sniffcell094/same_catalog_run/SMHT023-3AL-001B2-M57-D001-uwsc/deconv/deconv_requested_group_splits/discover/new_catalog_sniffcell094_same_catalog_run_all/harmonized_variants.tsv	loaded	241	0	
SMHT023-3AL-001MC-M57-D001-bcm	/stornext/snfs210/fritz/Yilei/SMaHT/sniffcell/brains/results_new_catalog_sniffcell094/same_catalog_run/SMHT023-3AL-001MC-M57-D001-bcm/deconv/deconv_requested_group_splits/discover/new_catalog_sniffcell094_same_catalog_run_all/harmonized_variants.tsv	loaded	1516	2	
SMHT023-3AM-001A3-M57-D001-uwsc	/stornext/snfs210/fritz/Yilei/SMaHT/sniffcell/brains/results_new_catalog_sniffcell094/same_catalog_run/SMHT023-3AM-001A3-M57-D001-uwsc/deconv/deconv_requested_group_splits/discover/new_catalog_sniffcell094_same_catalog_run_all/harmonized_variants.tsv	loaded	864	3	
SMHT023-3AM-001B2-M57-B004-uwsc	/stornext/snfs210/fritz/Yilei/SMaHT/sniffcell/brains/results_new_catalog_sniffcell094/same_catalog_run/SMHT023-3AM-001B2-M57-B004-uwsc/deconv/deconv_requested_group_splits/discover/new_catalog_sniffcell094_same_catalog_run_all/harmonized_variants.tsv	loaded	30	0	
SMHT023-3AM-MAMC-M57-D001-bcm	/stornext/snfs210/fritz/Yilei/SMaHT/sniffcell/brains/results_new_catalog_sniffcell094/same_catalog_run/SMHT023-3AM-MAMC-M57-D001-bcm/deconv/deconv_requested_group_splits/discover/new_catalog_sniffcell094_same_catalog_run_all/harmonized_variants.tsv	loaded	1161	4	
SMHT023-3AN-001A3-M57-D001-uwsc	/stornext/snfs210/fritz/Yilei/SMaHT/sniffcell/brains/results_new_catalog_sniffcell094/same_catalog_run/SMHT023-3AN-001A3-M57-D001-uwsc/deconv/deconv_requested_group_splits/discover/new_catalog_sniffcell094_same_catalog_run_all/harmonized_variants.tsv	loaded	956	3	
SMHT023-3AN-001MC-M57-D001-bcm	/stornext/snfs210/fritz/Yilei/SMaHT/sniffcell/brains/results_new_catalog_sniffcell094/same_catalog_run/SMHT023-3AN-001MC-M57-D001-bcm/deconv/deconv_requested_group_splits/discover/new_catalog_sniffcell094_same_catalog_run_all/harmonized_variants.tsv	loaded	1362	3	
SMHT024-3AK-001A2-M65-B001-broad	/stornext/snfs210/fritz/Yilei/SMaHT/sniffcell/brains/results_new_catalog_sniffcell094/same_catalog_run/SMHT024-3AK-001A2-M65-B001-broad/deconv/deconv_requested_group_splits/discover/new_catalog_sniffcell094_same_catalog_run_all/harmonized_variants.tsv	loaded	18	1	
SMHT024-3AK-001B3-M65-B004-uwsc	/stornext/snfs210/fritz/Yilei/SMaHT/sniffcell/brains/results_new_catalog_sniffcell094/same_catalog_run/SMHT024-3AK-001B3-M65-B004-uwsc/deconv/deconv_requested_group_splits/discover/new_catalog_sniffcell094_same_catalog_run_all/harmonized_variants.tsv	loaded	166	2	
SMHT024-3AK-001C3-M65-D001-uwsc	/stornext/snfs210/fritz/Yilei/SMaHT/sniffcell/brains/results_new_catalog_sniffcell094/same_catalog_run/SMHT024-3AK-001C3-M65-D001-uwsc/deconv/deconv_requested_group_splits/discover/new_catalog_sniffcell094_same_catalog_run_all/harmonized_variants.tsv	loaded	169	1	
SMHT024-3AL-001A2-M65-B001-broad	/stornext/snfs210/fritz/Yilei/SMaHT/sniffcell/brains/results_new_catalog_sniffcell094/same_catalog_run/SMHT024-3AL-001A2-M65-B001-broad/deconv/deconv_requested_group_splits/discover/new_catalog_sniffcell094_same_catalog_run_all/harmonized_variants.tsv	loaded	87	2	
SMHT024-3AL-001B4-M65-D001-uwsc	/stornext/snfs210/fritz/Yilei/SMaHT/sniffcell/brains/results_new_catalog_sniffcell094/same_catalog_run/SMHT024-3AL-001B4-M65-D001-uwsc/deconv/deconv_requested_group_splits/discover/new_catalog_sniffcell094_same_catalog_run_all/harmonized_variants.tsv	loaded	381	0	
SMHT024-3AM-002B1-M65-B001-broad	/stornext/snfs210/fritz/Yilei/SMaHT/sniffcell/brains/results_new_catalog_sniffcell094/same_catalog_run/SMHT024-3AM-002B1-M65-B001-broad/deconv/deconv_requested_group_splits/discover/new_catalog_sniffcell094_same_catalog_run_all/harmonized_variants.tsv	loaded	20	3	
SMHT024-3AM-002B4-M65-D001-uwsc	/stornext/snfs210/fritz/Yilei/SMaHT/sniffcell/brains/results_new_catalog_sniffcell094/same_catalog_run/SMHT024-3AM-002B4-M65-D001-uwsc/deconv/deconv_requested_group_splits/discover/new_catalog_sniffcell094_same_catalog_run_all/harmonized_variants.tsv	loaded	779	0	
SMHT024-3AN-001B1-M65-B001-broad	/stornext/snfs210/fritz/Yilei/SMaHT/sniffcell/brains/results_new_catalog_sniffcell094/same_catalog_run/SMHT024-3AN-001B1-M65-B001-broad/deconv/deconv_requested_group_splits/discover/new_catalog_sniffcell094_same_catalog_run_all/harmonized_variants.tsv	loaded	7	0	
SMHT027-3AL-002D1-F67-D001-nygc	/stornext/snfs210/fritz/Yilei/SMaHT/sniffcell/brains/results_new_catalog_sniffcell094/same_catalog_run/SMHT027-3AL-002D1-F67-D001-nygc/deconv/deconv_requested_group_splits/discover/new_catalog_sniffcell094_same_catalog_run_all/harmonized_variants.tsv	loaded	531	1	
SMHT027-3AM-002A2-F67-B001-broad	/stornext/snfs210/fritz/Yilei/SMaHT/sniffcell/brains/results_new_catalog_sniffcell094/same_catalog_run/SMHT027-3AM-002A2-F67-B001-broad/deconv/deconv_requested_group_splits/discover/new_catalog_sniffcell094_same_catalog_run_all/harmonized_variants.tsv	loaded	10	1	
SMHT027-3AM-002C3-F67-D001-nygc	/stornext/snfs210/fritz/Yilei/SMaHT/sniffcell/brains/results_new_catalog_sniffcell094/same_catalog_run/SMHT027-3AM-002C3-F67-D001-nygc/deconv/deconv_requested_group_splits/discover/new_catalog_sniffcell094_same_catalog_run_all/harmonized_variants.tsv	loaded	305	1	
SMHT027-3AN-001A2-F67-B001-broad	/stornext/snfs210/fritz/Yilei/SMaHT/sniffcell/brains/results_new_catalog_sniffcell094/same_catalog_run/SMHT027-3AN-001A2-F67-B001-broad/deconv/deconv_requested_group_splits/discover/new_catalog_sniffcell094_same_catalog_run_all/harmonized_variants.tsv	loaded	11	0	
SMHT031-3AK-003C3-M65-D001-bcm	/stornext/snfs210/fritz/Yilei/SMaHT/sniffcell/brains/results_new_catalog_sniffcell094/same_catalog_run/SMHT031-3AK-003C3-M65-D001-bcm/deconv/deconv_requested_group_splits/discover/new_catalog_sniffcell094_same_catalog_run_all/harmonized_variants.tsv	loaded	925	6	
SMHT031-3AL-001MC-M65-B001-washu	/stornext/snfs210/fritz/Yilei/SMaHT/sniffcell/brains/results_new_catalog_sniffcell094/same_catalog_run/SMHT031-3AL-001MC-M65-B001-washu/deconv/deconv_requested_group_splits/discover/new_catalog_sniffcell094_same_catalog_run_all/harmonized_variants.tsv	loaded	100	4	
SMHT031-3AL-001MC-M65-D001-bcm	/stornext/snfs210/fritz/Yilei/SMaHT/sniffcell/brains/results_new_catalog_sniffcell094/same_catalog_run/SMHT031-3AL-001MC-M65-D001-bcm/deconv/deconv_requested_group_splits/discover/new_catalog_sniffcell094_same_catalog_run_all/harmonized_variants.tsv	loaded	1349	3	
SMHT031-3AM-002C2-M65-B001-washu	/stornext/snfs210/fritz/Yilei/SMaHT/sniffcell/brains/results_new_catalog_sniffcell094/same_catalog_run/SMHT031-3AM-002C2-M65-B001-washu/deconv/deconv_requested_group_splits/discover/new_catalog_sniffcell094_same_catalog_run_all/harmonized_variants.tsv	loaded	135	1	
SMHT031-3AM-002C4-M65-D001-bcm	/stornext/snfs210/fritz/Yilei/SMaHT/sniffcell/brains/results_new_catalog_sniffcell094/same_catalog_run/SMHT031-3AM-002C4-M65-D001-bcm/deconv/deconv_requested_group_splits/discover/new_catalog_sniffcell094_same_catalog_run_all/harmonized_variants.tsv	loaded	658	2	
SMHT031-3AN-001A2-M65-D001-bcm	/stornext/snfs210/fritz/Yilei/SMaHT/sniffcell/brains/results_new_catalog_sniffcell094/same_catalog_run/SMHT031-3AN-001A2-M65-D001-bcm/deconv/deconv_requested_group_splits/discover/new_catalog_sniffcell094_same_catalog_run_all/harmonized_variants.tsv	loaded	635	3	
SMHT031-3AN-001B2-M65-B001-washu	/stornext/snfs210/fritz/Yilei/SMaHT/sniffcell/brains/results_new_catalog_sniffcell094/same_catalog_run/SMHT031-3AN-001B2-M65-B001-washu/deconv/deconv_requested_group_splits/discover/new_catalog_sniffcell094_same_catalog_run_all/harmonized_variants.tsv	loaded	118	2	
SMHT039-3AK-001A3-M74-B001-washu	/stornext/snfs210/fritz/Yilei/SMaHT/sniffcell/brains/results_new_catalog_sniffcell094/same_catalog_run/SMHT039-3AK-001A3-M74-B001-washu/deconv/deconv_requested_group_splits/discover/new_catalog_sniffcell094_same_catalog_run_all/harmonized_variants.tsv	loaded	214	1	
SMHT039-3AK-001C3-M74-D001-nygc	/stornext/snfs210/fritz/Yilei/SMaHT/sniffcell/brains/results_new_catalog_sniffcell094/same_catalog_run/SMHT039-3AK-001C3-M74-D001-nygc/deconv/deconv_requested_group_splits/discover/new_catalog_sniffcell094_same_catalog_run_all/harmonized_variants.tsv	loaded	1400	4	
SMHT039-3AM-001B3-M74-B001-washu	/stornext/snfs210/fritz/Yilei/SMaHT/sniffcell/brains/results_new_catalog_sniffcell094/same_catalog_run/SMHT039-3AM-001B3-M74-B001-washu/deconv/deconv_requested_group_splits/discover/new_catalog_sniffcell094_same_catalog_run_all/harmonized_variants.tsv	loaded	28	1	
SMHT039-3AM-001C1-M74-D001-nygc	/stornext/snfs210/fritz/Yilei/SMaHT/sniffcell/brains/results_new_catalog_sniffcell094/same_catalog_run/SMHT039-3AM-001C1-M74-D001-nygc/deconv/deconv_requested_group_splits/discover/new_catalog_sniffcell094_same_catalog_run_all/harmonized_variants.tsv	loaded	459	2	
SMHT039-3AN-002C1-M74-B001-washu	/stornext/snfs210/fritz/Yilei/SMaHT/sniffcell/brains/results_new_catalog_sniffcell094/same_catalog_run/SMHT039-3AN-002C1-M74-B001-washu/deconv/deconv_requested_group_splits/discover/new_catalog_sniffcell094_same_catalog_run_all/harmonized_variants.tsv	loaded	204	3	
SMHT039-3AO-002A2-M74-D001-nygc	/stornext/snfs210/fritz/Yilei/SMaHT/sniffcell/brains/results_new_catalog_sniffcell094/same_catalog_run/SMHT039-3AO-002A2-M74-D001-nygc/deconv/deconv_requested_group_splits/discover/new_catalog_sniffcell094_same_catalog_run_all/harmonized_variants.tsv	loaded	454	3	
SMHT040-3AK-001C2-F89-B004-uwsc	/stornext/snfs210/fritz/Yilei/SMaHT/sniffcell/brains/results_new_catalog_sniffcell094/same_catalog_run/SMHT040-3AK-001C2-F89-B004-uwsc/deconv/deconv_requested_group_splits/discover/new_catalog_sniffcell094_same_catalog_run_all/harmonized_variants.tsv	loaded	401	4	
SMHT040-3AL-001B2-F89-D001-bcm	/stornext/snfs210/fritz/Yilei/SMaHT/sniffcell/brains/results_new_catalog_sniffcell094/same_catalog_run/SMHT040-3AL-001B2-F89-D001-bcm/deconv/deconv_requested_group_splits/discover/new_catalog_sniffcell094_same_catalog_run_all/harmonized_variants.tsv	loaded	1088	4	
SMHT040-3AL-001C3-F89-B004-uwsc	/stornext/snfs210/fritz/Yilei/SMaHT/sniffcell/brains/results_new_catalog_sniffcell094/same_catalog_run/SMHT040-3AL-001C3-F89-B004-uwsc/deconv/deconv_requested_group_splits/discover/new_catalog_sniffcell094_same_catalog_run_all/harmonized_variants.tsv	loaded	375	3	
SMHT040-3AM-001C1-F89-D001-bcm	/stornext/snfs210/fritz/Yilei/SMaHT/sniffcell/brains/results_new_catalog_sniffcell094/same_catalog_run/SMHT040-3AM-001C1-F89-D001-bcm/deconv/deconv_requested_group_splits/discover/new_catalog_sniffcell094_same_catalog_run_all/harmonized_variants.tsv	loaded	729	1	
SMHT040-3AM-001C3-F89-B004-uwsc	/stornext/snfs210/fritz/Yilei/SMaHT/sniffcell/brains/results_new_catalog_sniffcell094/same_catalog_run/SMHT040-3AM-001C3-F89-B004-uwsc/deconv/deconv_requested_group_splits/discover/new_catalog_sniffcell094_same_catalog_run_all/harmonized_variants.tsv	loaded	244	0	
SMHT040-3AN-001B1-F89-D001-bcm	/stornext/snfs210/fritz/Yilei/SMaHT/sniffcell/brains/results_new_catalog_sniffcell094/same_catalog_run/SMHT040-3AN-001B1-F89-D001-bcm/deconv/deconv_requested_group_splits/discover/new_catalog_sniffcell094_same_catalog_run_all/harmonized_variants.tsv	loaded	814	3	
SMHT043-3AK-002B2-M52-D001-bcm	/stornext/snfs210/fritz/Yilei/SMaHT/sniffcell/brains/results_new_catalog_sniffcell094/same_catalog_run/SMHT043-3AK-002B2-M52-D001-bcm/deconv/deconv_requested_group_splits/discover/new_catalog_sniffcell094_same_catalog_run_all/harmonized_variants.tsv	loaded	1246	4	
SMHT043-3AK-002MC-M52-B004-uwsc	/stornext/snfs210/fritz/Yilei/SMaHT/sniffcell/brains/results_new_catalog_sniffcell094/same_catalog_run/SMHT043-3AK-002MC-M52-B004-uwsc/deconv/deconv_requested_group_splits/discover/new_catalog_sniffcell094_same_catalog_run_all/harmonized_variants.tsv	loaded	424	3	
SMHT043-3AL-006MC-M52-B004-uwsc	/stornext/snfs210/fritz/Yilei/SMaHT/sniffcell/brains/results_new_catalog_sniffcell094/same_catalog_run/SMHT043-3AL-006MC-M52-B004-uwsc/deconv/deconv_requested_group_splits/discover/new_catalog_sniffcell094_same_catalog_run_all/harmonized_variants.tsv	loaded	554	2	
SMHT043-3AM-001MC-M52-B004-uwsc	/stornext/snfs210/fritz/Yilei/SMaHT/sniffcell/brains/results_new_catalog_sniffcell094/same_catalog_run/SMHT043-3AM-001MC-M52-B004-uwsc/deconv/deconv_requested_group_splits/discover/new_catalog_sniffcell094_same_catalog_run_all/harmonized_variants.tsv	loaded	378	1	
SMHT043-3AN-002MC-M52-B004-uwsc	/stornext/snfs210/fritz/Yilei/SMaHT/sniffcell/brains/results_new_catalog_sniffcell094/same_catalog_run/SMHT043-3AN-002MC-M52-B004-uwsc/deconv/deconv_requested_group_splits/discover/new_catalog_sniffcell094_same_catalog_run_all/harmonized_variants.tsv	loaded	239	1	
