sample_id	source_path	n_tr_calls	n_unique_tr_sites	n_unique_tr_subtypes	median_change_size_bp	max_change_size_bp	median_alt_support_reads	n_group_a_only	n_group_b_only
SMHT020-3AK-002MC-M81-D001-bcm	/stornext/snfs210/fritz/Yilei/SMaHT/sniffcell/brains/results_new_catalog_sniffcell094/same_catalog_run/SMHT020-3AK-002MC-M81-D001-bcm/deconv/deconv_requested_group_splits/discover/new_catalog_sniffcell094_same_catalog_run_all/harmonized_variants.tsv	7	7	1	1027.0	6828.0	7.0	4	3
SMHT022-3AL-001C4-M63-D001-nygc	/stornext/snfs210/fritz/Yilei/SMaHT/sniffcell/brains/results_new_catalog_sniffcell094/same_catalog_run/SMHT022-3AL-001C4-M63-D001-nygc/deconv/deconv_requested_group_splits/discover/new_catalog_sniffcell094_same_catalog_run_all/harmonized_variants.tsv	6	6	1	461.0	1231.0	5.0	2	4
SMHT031-3AK-003C3-M65-D001-bcm	/stornext/snfs210/fritz/Yilei/SMaHT/sniffcell/brains/results_new_catalog_sniffcell094/same_catalog_run/SMHT031-3AK-003C3-M65-D001-bcm/deconv/deconv_requested_group_splits/discover/new_catalog_sniffcell094_same_catalog_run_all/harmonized_variants.tsv	6	6	1	499.5	3189.0	9.5	2	4
SMHT001-3AO-001B3-M42-D001-uwsc	/stornext/snfs210/fritz/Yilei/SMaHT/sniffcell/brains/results_new_catalog_sniffcell094/same_catalog_run/SMHT001-3AO-001B3-M42-D001-uwsc/deconv/deconv_requested_group_splits/discover/new_catalog_sniffcell094_same_catalog_run_all/harmonized_variants.tsv	5	5	1	185.0	785.0	4.0	3	2
SMHT018-3AK-001B3-F89-D001-bcm	/stornext/snfs210/fritz/Yilei/SMaHT/sniffcell/brains/results_new_catalog_sniffcell094/same_catalog_run/SMHT018-3AK-001B3-F89-D001-bcm/deconv/deconv_requested_group_splits/discover/new_catalog_sniffcell094_same_catalog_run_all/harmonized_variants.tsv	5	5	1	522.0	1166.0	6.0	3	2
SMHT020-3AL-001MC-M81-D001-bcm	/stornext/snfs210/fritz/Yilei/SMaHT/sniffcell/brains/results_new_catalog_sniffcell094/same_catalog_run/SMHT020-3AL-001MC-M81-D001-bcm/deconv/deconv_requested_group_splits/discover/new_catalog_sniffcell094_same_catalog_run_all/harmonized_variants.tsv	5	5	1	551.0	9423.0	4.0	3	2
SMHT022-3AO-001B2-M63-D001-nygc	/stornext/snfs210/fritz/Yilei/SMaHT/sniffcell/brains/results_new_catalog_sniffcell094/same_catalog_run/SMHT022-3AO-001B2-M63-D001-nygc/deconv/deconv_requested_group_splits/discover/new_catalog_sniffcell094_same_catalog_run_all/harmonized_variants.tsv	5	5	1	674.0	7167.0	4.0	4	1
SMHT005-3AN-001A2-M59-B004-uwsc	/stornext/snfs210/fritz/Yilei/SMaHT/sniffcell/brains/results_new_catalog_sniffcell094/same_catalog_run/SMHT005-3AN-001A2-M59-B004-uwsc/deconv/deconv_requested_group_splits/discover/new_catalog_sniffcell094_same_catalog_run_all/harmonized_variants.tsv	4	4	1	488.0	1756.0	3.5	2	2
SMHT018-3AL-002C2-F89-D001-bcm	/stornext/snfs210/fritz/Yilei/SMaHT/sniffcell/brains/results_new_catalog_sniffcell094/same_catalog_run/SMHT018-3AL-002C2-F89-D001-bcm/deconv/deconv_requested_group_splits/discover/new_catalog_sniffcell094_same_catalog_run_all/harmonized_variants.tsv	4	4	1	957.5	6455.0	4.0	1	3
SMHT020-3AO-004MC-M81-D001-bcm	/stornext/snfs210/fritz/Yilei/SMaHT/sniffcell/brains/results_new_catalog_sniffcell094/same_catalog_run/SMHT020-3AO-004MC-M81-D001-bcm/deconv/deconv_requested_group_splits/discover/new_catalog_sniffcell094_same_catalog_run_all/harmonized_variants.tsv	4	4	1	1080.0	3208.0	4.0	1	3
SMHT023-3AM-MAMC-M57-D001-bcm	/stornext/snfs210/fritz/Yilei/SMaHT/sniffcell/brains/results_new_catalog_sniffcell094/same_catalog_run/SMHT023-3AM-MAMC-M57-D001-bcm/deconv/deconv_requested_group_splits/discover/new_catalog_sniffcell094_same_catalog_run_all/harmonized_variants.tsv	4	4	1	1004.0	6573.0	4.5	2	2
SMHT031-3AL-001MC-M65-B001-washu	/stornext/snfs210/fritz/Yilei/SMaHT/sniffcell/brains/results_new_catalog_sniffcell094/same_catalog_run/SMHT031-3AL-001MC-M65-B001-washu/deconv/deconv_requested_group_splits/discover/new_catalog_sniffcell094_same_catalog_run_all/harmonized_variants.tsv	4	4	1	665.5	1506.0	5.5	1	3
SMHT039-3AK-001C3-M74-D001-nygc	/stornext/snfs210/fritz/Yilei/SMaHT/sniffcell/brains/results_new_catalog_sniffcell094/same_catalog_run/SMHT039-3AK-001C3-M74-D001-nygc/deconv/deconv_requested_group_splits/discover/new_catalog_sniffcell094_same_catalog_run_all/harmonized_variants.tsv	4	4	1	757.5	2902.0	5.0	1	3
SMHT040-3AK-001C2-F89-B004-uwsc	/stornext/snfs210/fritz/Yilei/SMaHT/sniffcell/brains/results_new_catalog_sniffcell094/same_catalog_run/SMHT040-3AK-001C2-F89-B004-uwsc/deconv/deconv_requested_group_splits/discover/new_catalog_sniffcell094_same_catalog_run_all/harmonized_variants.tsv	4	4	1	225.0	1362.0	5.0	2	2
SMHT040-3AL-001B2-F89-D001-bcm	/stornext/snfs210/fritz/Yilei/SMaHT/sniffcell/brains/results_new_catalog_sniffcell094/same_catalog_run/SMHT040-3AL-001B2-F89-D001-bcm/deconv/deconv_requested_group_splits/discover/new_catalog_sniffcell094_same_catalog_run_all/harmonized_variants.tsv	4	4	1	111.0	2040.0	3.0	2	2
SMHT043-3AK-002B2-M52-D001-bcm	/stornext/snfs210/fritz/Yilei/SMaHT/sniffcell/brains/results_new_catalog_sniffcell094/same_catalog_run/SMHT043-3AK-002B2-M52-D001-bcm/deconv/deconv_requested_group_splits/discover/new_catalog_sniffcell094_same_catalog_run_all/harmonized_variants.tsv	4	4	1	2340.0	4422.0	3.0	3	1
SMHT020-3AL-001A3-M81-D001-uwsc	/stornext/snfs210/fritz/Yilei/SMaHT/sniffcell/brains/results_new_catalog_sniffcell094/same_catalog_run/SMHT020-3AL-001A3-M81-D001-uwsc/deconv/deconv_requested_group_splits/discover/new_catalog_sniffcell094_same_catalog_run_all/harmonized_variants.tsv	3	3	1	1008.0	1509.0	4.0	2	1
SMHT022-3AK-001C3-M63-D001-nygc	/stornext/snfs210/fritz/Yilei/SMaHT/sniffcell/brains/results_new_catalog_sniffcell094/same_catalog_run/SMHT022-3AK-001C3-M63-D001-nygc/deconv/deconv_requested_group_splits/discover/new_catalog_sniffcell094_same_catalog_run_all/harmonized_variants.tsv	3	3	1	410.0	922.0	5.0	2	1
SMHT022-3AM-001C4-M63-D001-nygc	/stornext/snfs210/fritz/Yilei/SMaHT/sniffcell/brains/results_new_catalog_sniffcell094/same_catalog_run/SMHT022-3AM-001C4-M63-D001-nygc/deconv/deconv_requested_group_splits/discover/new_catalog_sniffcell094_same_catalog_run_all/harmonized_variants.tsv	3	3	1	515.0	817.0	5.0	1	2
SMHT023-3AM-001A3-M57-D001-uwsc	/stornext/snfs210/fritz/Yilei/SMaHT/sniffcell/brains/results_new_catalog_sniffcell094/same_catalog_run/SMHT023-3AM-001A3-M57-D001-uwsc/deconv/deconv_requested_group_splits/discover/new_catalog_sniffcell094_same_catalog_run_all/harmonized_variants.tsv	3	3	1	319.0	6800.0	3.0	1	2
SMHT023-3AN-001A3-M57-D001-uwsc	/stornext/snfs210/fritz/Yilei/SMaHT/sniffcell/brains/results_new_catalog_sniffcell094/same_catalog_run/SMHT023-3AN-001A3-M57-D001-uwsc/deconv/deconv_requested_group_splits/discover/new_catalog_sniffcell094_same_catalog_run_all/harmonized_variants.tsv	3	3	1	2065.0	6802.0	3.0	0	3
SMHT023-3AN-001MC-M57-D001-bcm	/stornext/snfs210/fritz/Yilei/SMaHT/sniffcell/brains/results_new_catalog_sniffcell094/same_catalog_run/SMHT023-3AN-001MC-M57-D001-bcm/deconv/deconv_requested_group_splits/discover/new_catalog_sniffcell094_same_catalog_run_all/harmonized_variants.tsv	3	3	1	343.0	954.0	3.0	1	2
SMHT024-3AM-002B1-M65-B001-broad	/stornext/snfs210/fritz/Yilei/SMaHT/sniffcell/brains/results_new_catalog_sniffcell094/same_catalog_run/SMHT024-3AM-002B1-M65-B001-broad/deconv/deconv_requested_group_splits/discover/new_catalog_sniffcell094_same_catalog_run_all/harmonized_variants.tsv	3	3	1	1262.0	1571.0	6.0	2	1
SMHT031-3AL-001MC-M65-D001-bcm	/stornext/snfs210/fritz/Yilei/SMaHT/sniffcell/brains/results_new_catalog_sniffcell094/same_catalog_run/SMHT031-3AL-001MC-M65-D001-bcm/deconv/deconv_requested_group_splits/discover/new_catalog_sniffcell094_same_catalog_run_all/harmonized_variants.tsv	3	3	1	333.0	613.0	7.0	1	2
SMHT031-3AN-001A2-M65-D001-bcm	/stornext/snfs210/fritz/Yilei/SMaHT/sniffcell/brains/results_new_catalog_sniffcell094/same_catalog_run/SMHT031-3AN-001A2-M65-D001-bcm/deconv/deconv_requested_group_splits/discover/new_catalog_sniffcell094_same_catalog_run_all/harmonized_variants.tsv	3	3	1	2252.0	7747.0	4.0	0	3
SMHT039-3AN-002C1-M74-B001-washu	/stornext/snfs210/fritz/Yilei/SMaHT/sniffcell/brains/results_new_catalog_sniffcell094/same_catalog_run/SMHT039-3AN-002C1-M74-B001-washu/deconv/deconv_requested_group_splits/discover/new_catalog_sniffcell094_same_catalog_run_all/harmonized_variants.tsv	3	3	1	99.0	1578.0	10.0	1	2
SMHT039-3AO-002A2-M74-D001-nygc	/stornext/snfs210/fritz/Yilei/SMaHT/sniffcell/brains/results_new_catalog_sniffcell094/same_catalog_run/SMHT039-3AO-002A2-M74-D001-nygc/deconv/deconv_requested_group_splits/discover/new_catalog_sniffcell094_same_catalog_run_all/harmonized_variants.tsv	3	3	1	431.0	1821.0	3.0	0	3
SMHT040-3AL-001C3-F89-B004-uwsc	/stornext/snfs210/fritz/Yilei/SMaHT/sniffcell/brains/results_new_catalog_sniffcell094/same_catalog_run/SMHT040-3AL-001C3-F89-B004-uwsc/deconv/deconv_requested_group_splits/discover/new_catalog_sniffcell094_same_catalog_run_all/harmonized_variants.tsv	3	3	1	279.0	1329.0	8.0	2	1
SMHT040-3AN-001B1-F89-D001-bcm	/stornext/snfs210/fritz/Yilei/SMaHT/sniffcell/brains/results_new_catalog_sniffcell094/same_catalog_run/SMHT040-3AN-001B1-F89-D001-bcm/deconv/deconv_requested_group_splits/discover/new_catalog_sniffcell094_same_catalog_run_all/harmonized_variants.tsv	3	3	1	147.0	517.0	5.0	1	2
SMHT043-3AK-002MC-M52-B004-uwsc	/stornext/snfs210/fritz/Yilei/SMaHT/sniffcell/brains/results_new_catalog_sniffcell094/same_catalog_run/SMHT043-3AK-002MC-M52-B004-uwsc/deconv/deconv_requested_group_splits/discover/new_catalog_sniffcell094_same_catalog_run_all/harmonized_variants.tsv	3	3	1	743.0	1484.0	9.0	1	2
SMHT001-3AK-001A2-M42-B001-broad	/stornext/snfs210/fritz/Yilei/SMaHT/sniffcell/brains/results_new_catalog_sniffcell094/same_catalog_run/SMHT001-3AK-001A2-M42-B001-broad/deconv/deconv_requested_group_splits/discover/new_catalog_sniffcell094_same_catalog_run_all/harmonized_variants.tsv	2	2	1	778.0	1432.0	6.5	1	1
SMHT007-3AK-001A2-M67-B001-broad	/stornext/snfs210/fritz/Yilei/SMaHT/sniffcell/brains/results_new_catalog_sniffcell094/same_catalog_run/SMHT007-3AK-001A2-M67-B001-broad/deconv/deconv_requested_group_splits/discover/new_catalog_sniffcell094_same_catalog_run_all/harmonized_variants.tsv	2	2	1	885.0	1477.0	4.5	2	0
SMHT007-3AM-002A2-M67-B001-broad	/stornext/snfs210/fritz/Yilei/SMaHT/sniffcell/brains/results_new_catalog_sniffcell094/same_catalog_run/SMHT007-3AM-002A2-M67-B001-broad/deconv/deconv_requested_group_splits/discover/new_catalog_sniffcell094_same_catalog_run_all/harmonized_variants.tsv	2	2	1	266.5	281.0	5.0	0	2
SMHT018-3AL-002B3-F89-B004-uwsc	/stornext/snfs210/fritz/Yilei/SMaHT/sniffcell/brains/results_new_catalog_sniffcell094/same_catalog_run/SMHT018-3AL-002B3-F89-B004-uwsc/deconv/deconv_requested_group_splits/discover/new_catalog_sniffcell094_same_catalog_run_all/harmonized_variants.tsv	2	2	1	2517.5	4906.0	4.0	2	0
SMHT018-3AM-001D2-F89-D001-bcm	/stornext/snfs210/fritz/Yilei/SMaHT/sniffcell/brains/results_new_catalog_sniffcell094/same_catalog_run/SMHT018-3AM-001D2-F89-D001-bcm/deconv/deconv_requested_group_splits/discover/new_catalog_sniffcell094_same_catalog_run_all/harmonized_variants.tsv	2	2	1	551.5	588.0	5.0	0	2
SMHT020-3AM-003B4-M81-D001-bcm	/stornext/snfs210/fritz/Yilei/SMaHT/sniffcell/brains/results_new_catalog_sniffcell094/same_catalog_run/SMHT020-3AM-003B4-M81-D001-bcm/deconv/deconv_requested_group_splits/discover/new_catalog_sniffcell094_same_catalog_run_all/harmonized_variants.tsv	2	2	1	2777.5	3195.0	5.0	1	1
SMHT023-3AL-001MC-M57-D001-bcm	/stornext/snfs210/fritz/Yilei/SMaHT/sniffcell/brains/results_new_catalog_sniffcell094/same_catalog_run/SMHT023-3AL-001MC-M57-D001-bcm/deconv/deconv_requested_group_splits/discover/new_catalog_sniffcell094_same_catalog_run_all/harmonized_variants.tsv	2	2	1	489.0	578.0	4.0	1	1
SMHT024-3AK-001B3-M65-B004-uwsc	/stornext/snfs210/fritz/Yilei/SMaHT/sniffcell/brains/results_new_catalog_sniffcell094/same_catalog_run/SMHT024-3AK-001B3-M65-B004-uwsc/deconv/deconv_requested_group_splits/discover/new_catalog_sniffcell094_same_catalog_run_all/harmonized_variants.tsv	2	2	1	937.0	1570.0	8.0	1	1
SMHT024-3AL-001A2-M65-B001-broad	/stornext/snfs210/fritz/Yilei/SMaHT/sniffcell/brains/results_new_catalog_sniffcell094/same_catalog_run/SMHT024-3AL-001A2-M65-B001-broad/deconv/deconv_requested_group_splits/discover/new_catalog_sniffcell094_same_catalog_run_all/harmonized_variants.tsv	2	2	1	815.5	1567.0	6.0	2	0
SMHT031-3AM-002C4-M65-D001-bcm	/stornext/snfs210/fritz/Yilei/SMaHT/sniffcell/brains/results_new_catalog_sniffcell094/same_catalog_run/SMHT031-3AM-002C4-M65-D001-bcm/deconv/deconv_requested_group_splits/discover/new_catalog_sniffcell094_same_catalog_run_all/harmonized_variants.tsv	2	2	1	561.5	597.0	19.0	1	1
SMHT031-3AN-001B2-M65-B001-washu	/stornext/snfs210/fritz/Yilei/SMaHT/sniffcell/brains/results_new_catalog_sniffcell094/same_catalog_run/SMHT031-3AN-001B2-M65-B001-washu/deconv/deconv_requested_group_splits/discover/new_catalog_sniffcell094_same_catalog_run_all/harmonized_variants.tsv	2	2	1	1050.5	1507.0	8.5	1	1
SMHT039-3AM-001C1-M74-D001-nygc	/stornext/snfs210/fritz/Yilei/SMaHT/sniffcell/brains/results_new_catalog_sniffcell094/same_catalog_run/SMHT039-3AM-001C1-M74-D001-nygc/deconv/deconv_requested_group_splits/discover/new_catalog_sniffcell094_same_catalog_run_all/harmonized_variants.tsv	2	2	1	110.0	144.0	10.0	1	1
SMHT043-3AL-006MC-M52-B004-uwsc	/stornext/snfs210/fritz/Yilei/SMaHT/sniffcell/brains/results_new_catalog_sniffcell094/same_catalog_run/SMHT043-3AL-006MC-M52-B004-uwsc/deconv/deconv_requested_group_splits/discover/new_catalog_sniffcell094_same_catalog_run_all/harmonized_variants.tsv	2	2	1	903.5	1483.0	10.5	2	0
SMHT001-3AM-001D2-M42-D001-uwsc	/stornext/snfs210/fritz/Yilei/SMaHT/sniffcell/brains/results_new_catalog_sniffcell094/same_catalog_run/SMHT001-3AM-001D2-M42-D001-uwsc/deconv/deconv_requested_group_splits/discover/new_catalog_sniffcell094_same_catalog_run_all/harmonized_variants.tsv	1	1	1	516.0	516.0	4.0	0	1
SMHT005-3AN-001B1-M59-B001-broad	/stornext/snfs210/fritz/Yilei/SMaHT/sniffcell/brains/results_new_catalog_sniffcell094/same_catalog_run/SMHT005-3AN-001B1-M59-B001-broad/deconv/deconv_requested_group_splits/discover/new_catalog_sniffcell094_same_catalog_run_all/harmonized_variants.tsv	1	1	1	58.0	58.0	4.0	0	1
SMHT007-3AM-002B1-M67-D001-nygc	/stornext/snfs210/fritz/Yilei/SMaHT/sniffcell/brains/results_new_catalog_sniffcell094/same_catalog_run/SMHT007-3AM-002B1-M67-D001-nygc/deconv/deconv_requested_group_splits/discover/new_catalog_sniffcell094_same_catalog_run_all/harmonized_variants.tsv	1	1	1	20461.0	20461.0	3.0	1	0
SMHT018-3AK-001C1-F89-B004-uwsc	/stornext/snfs210/fritz/Yilei/SMaHT/sniffcell/brains/results_new_catalog_sniffcell094/same_catalog_run/SMHT018-3AK-001C1-F89-B004-uwsc/deconv/deconv_requested_group_splits/discover/new_catalog_sniffcell094_same_catalog_run_all/harmonized_variants.tsv	1	1	1	1172.0	1172.0	7.0	1	0
SMHT018-3AN-001B3-F89-D001-bcm	/stornext/snfs210/fritz/Yilei/SMaHT/sniffcell/brains/results_new_catalog_sniffcell094/same_catalog_run/SMHT018-3AN-001B3-F89-D001-bcm/deconv/deconv_requested_group_splits/discover/new_catalog_sniffcell094_same_catalog_run_all/harmonized_variants.tsv	1	1	1	151.0	151.0	3.0	1	0
SMHT020-3AM-003B1-M81-D001-uwsc	/stornext/snfs210/fritz/Yilei/SMaHT/sniffcell/brains/results_new_catalog_sniffcell094/same_catalog_run/SMHT020-3AM-003B1-M81-D001-uwsc/deconv/deconv_requested_group_splits/discover/new_catalog_sniffcell094_same_catalog_run_all/harmonized_variants.tsv	1	1	1	1197.0	1197.0	6.0	0	1
SMHT020-3AN-001A3-M81-D001-uwsc	/stornext/snfs210/fritz/Yilei/SMaHT/sniffcell/brains/results_new_catalog_sniffcell094/same_catalog_run/SMHT020-3AN-001A3-M81-D001-uwsc/deconv/deconv_requested_group_splits/discover/new_catalog_sniffcell094_same_catalog_run_all/harmonized_variants.tsv	1	1	1	1028.0	1028.0	4.0	0	1
SMHT022-3AL-001A2-M63-B001-broad	/stornext/snfs210/fritz/Yilei/SMaHT/sniffcell/brains/results_new_catalog_sniffcell094/same_catalog_run/SMHT022-3AL-001A2-M63-B001-broad/deconv/deconv_requested_group_splits/discover/new_catalog_sniffcell094_same_catalog_run_all/harmonized_variants.tsv	1	1	1	1331.0	1331.0	9.0	1	0
SMHT022-3AM-001A2-M63-B001-broad	/stornext/snfs210/fritz/Yilei/SMaHT/sniffcell/brains/results_new_catalog_sniffcell094/same_catalog_run/SMHT022-3AM-001A2-M63-B001-broad/deconv/deconv_requested_group_splits/discover/new_catalog_sniffcell094_same_catalog_run_all/harmonized_variants.tsv	1	1	1	1331.0	1331.0	4.0	0	1
SMHT022-3AN-001A2-M63-B001-broad	/stornext/snfs210/fritz/Yilei/SMaHT/sniffcell/brains/results_new_catalog_sniffcell094/same_catalog_run/SMHT022-3AN-001A2-M63-B001-broad/deconv/deconv_requested_group_splits/discover/new_catalog_sniffcell094_same_catalog_run_all/harmonized_variants.tsv	1	1	1	2233.0	2233.0	4.0	0	1
SMHT023-3AK-002MC-M57-D001-bcm	/stornext/snfs210/fritz/Yilei/SMaHT/sniffcell/brains/results_new_catalog_sniffcell094/same_catalog_run/SMHT023-3AK-002MC-M57-D001-bcm/deconv/deconv_requested_group_splits/discover/new_catalog_sniffcell094_same_catalog_run_all/harmonized_variants.tsv	1	1	1	96.0	96.0	3.0	0	1
SMHT024-3AK-001A2-M65-B001-broad	/stornext/snfs210/fritz/Yilei/SMaHT/sniffcell/brains/results_new_catalog_sniffcell094/same_catalog_run/SMHT024-3AK-001A2-M65-B001-broad/deconv/deconv_requested_group_splits/discover/new_catalog_sniffcell094_same_catalog_run_all/harmonized_variants.tsv	1	1	1	1569.0	1569.0	8.0	1	0
SMHT024-3AK-001C3-M65-D001-uwsc	/stornext/snfs210/fritz/Yilei/SMaHT/sniffcell/brains/results_new_catalog_sniffcell094/same_catalog_run/SMHT024-3AK-001C3-M65-D001-uwsc/deconv/deconv_requested_group_splits/discover/new_catalog_sniffcell094_same_catalog_run_all/harmonized_variants.tsv	1	1	1	184.0	184.0	13.0	0	1
SMHT027-3AL-002D1-F67-D001-nygc	/stornext/snfs210/fritz/Yilei/SMaHT/sniffcell/brains/results_new_catalog_sniffcell094/same_catalog_run/SMHT027-3AL-002D1-F67-D001-nygc/deconv/deconv_requested_group_splits/discover/new_catalog_sniffcell094_same_catalog_run_all/harmonized_variants.tsv	1	1	1	174.0	174.0	4.0	1	0
SMHT027-3AM-002A2-F67-B001-broad	/stornext/snfs210/fritz/Yilei/SMaHT/sniffcell/brains/results_new_catalog_sniffcell094/same_catalog_run/SMHT027-3AM-002A2-F67-B001-broad/deconv/deconv_requested_group_splits/discover/new_catalog_sniffcell094_same_catalog_run_all/harmonized_variants.tsv	1	1	1	1235.0	1235.0	3.0	0	1
SMHT027-3AM-002C3-F67-D001-nygc	/stornext/snfs210/fritz/Yilei/SMaHT/sniffcell/brains/results_new_catalog_sniffcell094/same_catalog_run/SMHT027-3AM-002C3-F67-D001-nygc/deconv/deconv_requested_group_splits/discover/new_catalog_sniffcell094_same_catalog_run_all/harmonized_variants.tsv	1	1	1	476.0	476.0	3.0	0	1
SMHT031-3AM-002C2-M65-B001-washu	/stornext/snfs210/fritz/Yilei/SMaHT/sniffcell/brains/results_new_catalog_sniffcell094/same_catalog_run/SMHT031-3AM-002C2-M65-B001-washu/deconv/deconv_requested_group_splits/discover/new_catalog_sniffcell094_same_catalog_run_all/harmonized_variants.tsv	1	1	1	336.0	336.0	4.0	1	0
SMHT039-3AK-001A3-M74-B001-washu	/stornext/snfs210/fritz/Yilei/SMaHT/sniffcell/brains/results_new_catalog_sniffcell094/same_catalog_run/SMHT039-3AK-001A3-M74-B001-washu/deconv/deconv_requested_group_splits/discover/new_catalog_sniffcell094_same_catalog_run_all/harmonized_variants.tsv	1	1	1	1610.0	1610.0	20.0	1	0
SMHT039-3AM-001B3-M74-B001-washu	/stornext/snfs210/fritz/Yilei/SMaHT/sniffcell/brains/results_new_catalog_sniffcell094/same_catalog_run/SMHT039-3AM-001B3-M74-B001-washu/deconv/deconv_requested_group_splits/discover/new_catalog_sniffcell094_same_catalog_run_all/harmonized_variants.tsv	1	1	1	64.0	64.0	6.0	0	1
SMHT040-3AM-001C1-F89-D001-bcm	/stornext/snfs210/fritz/Yilei/SMaHT/sniffcell/brains/results_new_catalog_sniffcell094/same_catalog_run/SMHT040-3AM-001C1-F89-D001-bcm/deconv/deconv_requested_group_splits/discover/new_catalog_sniffcell094_same_catalog_run_all/harmonized_variants.tsv	1	1	1	104.0	104.0	16.0	1	0
SMHT043-3AM-001MC-M52-B004-uwsc	/stornext/snfs210/fritz/Yilei/SMaHT/sniffcell/brains/results_new_catalog_sniffcell094/same_catalog_run/SMHT043-3AM-001MC-M52-B004-uwsc/deconv/deconv_requested_group_splits/discover/new_catalog_sniffcell094_same_catalog_run_all/harmonized_variants.tsv	1	1	1	57.0	57.0	4.0	1	0
SMHT043-3AN-002MC-M52-B004-uwsc	/stornext/snfs210/fritz/Yilei/SMaHT/sniffcell/brains/results_new_catalog_sniffcell094/same_catalog_run/SMHT043-3AN-002MC-M52-B004-uwsc/deconv/deconv_requested_group_splits/discover/new_catalog_sniffcell094_same_catalog_run_all/harmonized_variants.tsv	1	1	1	1481.0	1481.0	9.0	1	0
SMHT001-3AL-001B2-M42-B001-broad	/stornext/snfs210/fritz/Yilei/SMaHT/sniffcell/brains/results_new_catalog_sniffcell094/same_catalog_run/SMHT001-3AL-001B2-M42-B001-broad/deconv/deconv_requested_group_splits/discover/new_catalog_sniffcell094_same_catalog_run_all/harmonized_variants.tsv	0	0	0				0	0
SMHT001-3AM-002A2-M42-B004-uwsc	/stornext/snfs210/fritz/Yilei/SMaHT/sniffcell/brains/results_new_catalog_sniffcell094/same_catalog_run/SMHT001-3AM-002A2-M42-B004-uwsc/deconv/deconv_requested_group_splits/discover/new_catalog_sniffcell094_same_catalog_run_all/harmonized_variants.tsv	0	0	0				0	0
SMHT001-3AN-001B1-M42-B001-broad	/stornext/snfs210/fritz/Yilei/SMaHT/sniffcell/brains/results_new_catalog_sniffcell094/same_catalog_run/SMHT001-3AN-001B1-M42-B001-broad/deconv/deconv_requested_group_splits/discover/new_catalog_sniffcell094_same_catalog_run_all/harmonized_variants.tsv	0	0	0				0	0
SMHT005-3AK-001C4-M59-B004-uwsc	/stornext/snfs210/fritz/Yilei/SMaHT/sniffcell/brains/results_new_catalog_sniffcell094/same_catalog_run/SMHT005-3AK-001C4-M59-B004-uwsc/deconv/deconv_requested_group_splits/discover/new_catalog_sniffcell094_same_catalog_run_all/harmonized_variants.tsv	0	0	0				0	0
SMHT005-3AK-001D1-M59-D001-uwsc	/stornext/snfs210/fritz/Yilei/SMaHT/sniffcell/brains/results_new_catalog_sniffcell094/same_catalog_run/SMHT005-3AK-001D1-M59-D001-uwsc/deconv/deconv_requested_group_splits/discover/new_catalog_sniffcell094_same_catalog_run_all/harmonized_variants.tsv	0	0	0				0	0
SMHT005-3AL-001B1-M59-B001-broad	/stornext/snfs210/fritz/Yilei/SMaHT/sniffcell/brains/results_new_catalog_sniffcell094/same_catalog_run/SMHT005-3AL-001B1-M59-B001-broad/deconv/deconv_requested_group_splits/discover/new_catalog_sniffcell094_same_catalog_run_all/harmonized_variants.tsv	0	0	0				0	0
SMHT005-3AL-001C2-M59-B004-uwsc	/stornext/snfs210/fritz/Yilei/SMaHT/sniffcell/brains/results_new_catalog_sniffcell094/same_catalog_run/SMHT005-3AL-001C2-M59-B004-uwsc/deconv/deconv_requested_group_splits/discover/new_catalog_sniffcell094_same_catalog_run_all/harmonized_variants.tsv	0	0	0				0	0
SMHT005-3AM-001C3-M59-D001-uwsc	/stornext/snfs210/fritz/Yilei/SMaHT/sniffcell/brains/results_new_catalog_sniffcell094/same_catalog_run/SMHT005-3AM-001C3-M59-D001-uwsc/deconv/deconv_requested_group_splits/discover/new_catalog_sniffcell094_same_catalog_run_all/harmonized_variants.tsv	0	0	0				0	0
SMHT005-3AM-001C4-M59-B004-uwsc	/stornext/snfs210/fritz/Yilei/SMaHT/sniffcell/brains/results_new_catalog_sniffcell094/same_catalog_run/SMHT005-3AM-001C4-M59-B004-uwsc/deconv/deconv_requested_group_splits/discover/new_catalog_sniffcell094_same_catalog_run_all/harmonized_variants.tsv	0	0	0				0	0
SMHT005-3AM-001D1-M59-B001-broad	/stornext/snfs210/fritz/Yilei/SMaHT/sniffcell/brains/results_new_catalog_sniffcell094/same_catalog_run/SMHT005-3AM-001D1-M59-B001-broad/deconv/deconv_requested_group_splits/discover/new_catalog_sniffcell094_same_catalog_run_all/harmonized_variants.tsv	0	0	0				0	0
SMHT007-3AL-001A3-M67-B001-broad	/stornext/snfs210/fritz/Yilei/SMaHT/sniffcell/brains/results_new_catalog_sniffcell094/same_catalog_run/SMHT007-3AL-001A3-M67-B001-broad/deconv/deconv_requested_group_splits/discover/new_catalog_sniffcell094_same_catalog_run_all/harmonized_variants.tsv	0	0	0				0	0
SMHT018-3AM-001B3-F89-B004-uwsc	/stornext/snfs210/fritz/Yilei/SMaHT/sniffcell/brains/results_new_catalog_sniffcell094/same_catalog_run/SMHT018-3AM-001B3-F89-B004-uwsc/deconv/deconv_requested_group_splits/discover/new_catalog_sniffcell094_same_catalog_run_all/harmonized_variants.tsv	0	0	0				0	0
SMHT020-3AM-003C1-M81-B004-uwsc	/stornext/snfs210/fritz/Yilei/SMaHT/sniffcell/brains/results_new_catalog_sniffcell094/same_catalog_run/SMHT020-3AM-003C1-M81-B004-uwsc/deconv/deconv_requested_group_splits/discover/new_catalog_sniffcell094_same_catalog_run_all/harmonized_variants.tsv	0	0	0				0	0
SMHT022-3AK-001A2-M63-B001-broad	/stornext/snfs210/fritz/Yilei/SMaHT/sniffcell/brains/results_new_catalog_sniffcell094/same_catalog_run/SMHT022-3AK-001A2-M63-B001-broad/deconv/deconv_requested_group_splits/discover/new_catalog_sniffcell094_same_catalog_run_all/harmonized_variants.tsv	0	0	0				0	0
SMHT023-3AK-002B1-M57-D001-uwsc	/stornext/snfs210/fritz/Yilei/SMaHT/sniffcell/brains/results_new_catalog_sniffcell094/same_catalog_run/SMHT023-3AK-002B1-M57-D001-uwsc/deconv/deconv_requested_group_splits/discover/new_catalog_sniffcell094_same_catalog_run_all/harmonized_variants.tsv	0	0	0				0	0
SMHT023-3AL-001B2-M57-D001-uwsc	/stornext/snfs210/fritz/Yilei/SMaHT/sniffcell/brains/results_new_catalog_sniffcell094/same_catalog_run/SMHT023-3AL-001B2-M57-D001-uwsc/deconv/deconv_requested_group_splits/discover/new_catalog_sniffcell094_same_catalog_run_all/harmonized_variants.tsv	0	0	0				0	0
SMHT023-3AM-001B2-M57-B004-uwsc	/stornext/snfs210/fritz/Yilei/SMaHT/sniffcell/brains/results_new_catalog_sniffcell094/same_catalog_run/SMHT023-3AM-001B2-M57-B004-uwsc/deconv/deconv_requested_group_splits/discover/new_catalog_sniffcell094_same_catalog_run_all/harmonized_variants.tsv	0	0	0				0	0
SMHT024-3AL-001B4-M65-D001-uwsc	/stornext/snfs210/fritz/Yilei/SMaHT/sniffcell/brains/results_new_catalog_sniffcell094/same_catalog_run/SMHT024-3AL-001B4-M65-D001-uwsc/deconv/deconv_requested_group_splits/discover/new_catalog_sniffcell094_same_catalog_run_all/harmonized_variants.tsv	0	0	0				0	0
SMHT024-3AM-002B4-M65-D001-uwsc	/stornext/snfs210/fritz/Yilei/SMaHT/sniffcell/brains/results_new_catalog_sniffcell094/same_catalog_run/SMHT024-3AM-002B4-M65-D001-uwsc/deconv/deconv_requested_group_splits/discover/new_catalog_sniffcell094_same_catalog_run_all/harmonized_variants.tsv	0	0	0				0	0
SMHT024-3AN-001B1-M65-B001-broad	/stornext/snfs210/fritz/Yilei/SMaHT/sniffcell/brains/results_new_catalog_sniffcell094/same_catalog_run/SMHT024-3AN-001B1-M65-B001-broad/deconv/deconv_requested_group_splits/discover/new_catalog_sniffcell094_same_catalog_run_all/harmonized_variants.tsv	0	0	0				0	0
SMHT027-3AN-001A2-F67-B001-broad	/stornext/snfs210/fritz/Yilei/SMaHT/sniffcell/brains/results_new_catalog_sniffcell094/same_catalog_run/SMHT027-3AN-001A2-F67-B001-broad/deconv/deconv_requested_group_splits/discover/new_catalog_sniffcell094_same_catalog_run_all/harmonized_variants.tsv	0	0	0				0	0
SMHT040-3AM-001C3-F89-B004-uwsc	/stornext/snfs210/fritz/Yilei/SMaHT/sniffcell/brains/results_new_catalog_sniffcell094/same_catalog_run/SMHT040-3AM-001C3-F89-B004-uwsc/deconv/deconv_requested_group_splits/discover/new_catalog_sniffcell094_same_catalog_run_all/harmonized_variants.tsv	0	0	0				0	0
