site_key	chrom	start	end	variant_ids	n_calls	n_samples	call_prevalence_pct	n_subtypes	variant_subtypes	categories	n_unique_change_sizes_bp	min_change_size_bp	q1_change_size_bp	median_change_size_bp	mean_change_size_bp	q3_change_size_bp	max_change_size_bp	range_change_size_bp	change_size_shannon_bits	median_alt_support_reads	max_alt_support_reads
chr9:66249319-66249834	chr9	66249319	66249834	chr9_66249319_66249834	28	28	32.18390804597701	1	expansion_all	group_a_only;group_b_only	27	281	1228.25	1479.0	1677.4285714285713	1569.25	9423	9142	4.735926350629031	8.0	20
chr16:90116644-90118559	chr16	90116644	90118559	chr16_90116644_90118559	17	17	19.54022988505747	1	expansion_all	group_a_only;group_b_only	16	64	147.0	922.0	1223.6470588235295	1509.0	4906	4842	3.9698157824268097	7.0	32
chr13:77703851-77705128	chr13	77703851	77705128	chr13_77703851_77705128	15	15	17.24137931034483	1	expansion_all	group_a_only;group_b_only	15	81	113.0	208.0	382.93333333333334	621.0	1108	1027	3.906890595608518	3.0	5
chr16:21834701-21837624	chr16	21834701	21837624	chr16_21834701_21837624	10	10	11.494252873563218	1	expansion_all	group_a_only;group_b_only	10	140	257.5	592.0	449.6	596.75	613	473	3.321928094887362	7.0	13
chr9:64462195-64462443	chr9	64462195	64462443	chr9_64462195_64462443	8	8	9.195402298850574	1	expansion_all	group_b_only	7	400	478.25	514.0	491.375	515.25	517	117	2.75	4.0	7
chr20:30676078-30676308	chr20	30676078	30676308	chr20_30676078_30676308	7	7	8.045977011494253	1	expansion_all	group_a_only	7	144	147.0	149.0	4052.285714285714	3659.0	20461	20317	2.807354922057604	4.0	6
chr19:33757354-33757634	chr19	33757354	33757634	chr19_33757354_33757634	5	5	5.747126436781609	1	expansion_all	group_a_only;group_b_only	5	76	99.0	151.0	222.4	199.0	587	511	2.321928094887362	5.0	10
chr22:21308557-21309542	chr22	21308557	21309542	chr22_21308557_21309542	5	5	5.747126436781609	1	expansion_all	group_a_only;group_b_only	5	324	328.0	431.0	505.2	674.0	769	445	2.321928094887362	4.0	7
chrX:56780941-56783155	chrX	56780941	56783155	chrX_56780941_56783155	5	5	5.747126436781609	1	expansion_all	group_a_only	4	1008	1027.0	1027.0	1025.6	1030.0	1036	28	1.9219280948873623	4.0	9
chr1:602071-602394	chr1	602071	602394	chr1_602071_602394	4	4	4.597701149425287	1	expansion_all	group_b_only	3	279	279.0	400.5	417.0	538.5	588	309	1.5	4.5	7
chr4:49331490-49335084	chr4	49331490	49335084	chr4_49331490_49335084	3	3	3.4482758620689653	1	expansion_all	group_b_only	3	152	3476.0	6800.0	4584.666666666667	6801.0	6802	6650	1.584962500721156	6.0	7
chr7:75595162-75595386	chr7	75595162	75595386	chr7_75595162_75595386	3	3	3.4482758620689653	1	expansion_all	group_b_only	3	410	497.5	585.0	742.0	908.0	1231	821	1.584962500721156	8.0	12
chr14:23280657-23280816	chr14	23280657	23280816	chr14_23280657_23280816	3	3	3.4482758620689653	1	expansion_all	group_a_only	3	174	362.5	551.0	434.3333333333333	564.5	578	404	1.584962500721156	4.0	4
chr1:51906786-51906926	chr1	51906786	51906926	chr1_51906786_51906926	2	2	2.2988505747126435	1	expansion_all	group_b_only	2	333	2186.5	4040.0	4040.0	5893.5	7747	7414	1.0	3.5	4
chr1:66630776-66631127	chr1	66630776	66631127	chr1_66630776_66631127	2	2	2.2988505747126435	1	expansion_all	group_a_only	2	83	89.25	95.5	95.5	101.75	108	25	1.0	7.5	8
chr2:109199301-109199876	chr2	109199301	109199876	chr2_109199301_109199876	2	2	2.2988505747126435	1	expansion_all	group_a_only	2	765	1679.25	2593.5	2593.5	3507.75	4422	3657	1.0	3.5	4
chr3:18787864-18789054	chr3	18787864	18789054	chr3_18787864_18789054	2	2	2.2988505747126435	1	expansion_all	group_b_only	2	743	918.75	1094.5	1094.5	1270.25	1446	703	1.0	6.5	10
chr3:195966964-195967238	chr3	195966964	195967238	chr3_195966964_195967238	2	2	2.2988505747126435	1	expansion_all	group_a_only;group_b_only	2	57	57.25	57.5	57.5	57.75	58	1	1.0	3.5	4
chr5:109340592-109340704	chr5	109340592	109340704	chr5_109340592_109340704	2	2	2.2988505747126435	1	expansion_all	group_a_only;group_b_only	2	296	359.75	423.5	423.5	487.25	551	255	1.0	6.5	9
chr6:57812660-57812809	chr6	57812660	57812809	chr6_57812660_57812809	2	2	2.2988505747126435	1	expansion_all	group_a_only	2	256	258.25	260.5	260.5	262.75	265	9	1.0	4.0	5
chr9:28189170-28189834	chr9	28189170	28189834	chr9_28189170_28189834	2	2	2.2988505747126435	1	expansion_all	group_a_only;group_b_only	2	195	342.5	490.0	490.0	637.5	785	590	1.0	4.0	4
chr10:1235088-1240398	chr10	1235088	1240398	chr10_1235088_1240398	2	2	2.2988505747126435	1	expansion_all	group_b_only	2	6455	6484.5	6514.0	6514.0	6543.5	6573	118	1.0	4.5	5
chr12:3745755-3745850	chr12	3745755	3745850	chr12_3745755_3745850	2	2	2.2988505747126435	1	expansion_all	group_a_only	2	1219	1232.5	1246.0	1246.0	1259.5	1273	54	1.0	6.0	9
chr18:79200678-79200809	chr18	79200678	79200809	chr18_79200678_79200809	2	2	2.2988505747126435	1	expansion_all	group_b_only	2	3189	4098.75	5008.5	5008.5	5918.25	6828	3639	1.0	11.5	12
chr1:611255-612570	chr1	611255	612570	chr1_611255_612570	1	1	1.1494252873563218	1	expansion_all	group_b_only	1	727	727.0	727.0	727.0	727.0	727	0	-0.0	7.0	7
chr1:11373395-11374485	chr1	11373395	11374485	chr1_11373395_11374485	1	1	1.1494252873563218	1	expansion_all	group_b_only	1	73	73.0	73.0	73.0	73.0	73	0	-0.0	3.0	3
chr1:34839074-34839401	chr1	34839074	34839401	chr1_34839074_34839401	1	1	1.1494252873563218	1	expansion_all	group_a_only	1	77	77.0	77.0	77.0	77.0	77	0	-0.0	3.0	3
chr1:69781654-69782004	chr1	69781654	69782004	chr1_69781654_69782004	1	1	1.1494252873563218	1	expansion_all	group_b_only	1	185	185.0	185.0	185.0	185.0	185	0	-0.0	14.0	14
chr1:99682978-99683197	chr1	99682978	99683197	chr1_99682978_99683197	1	1	1.1494252873563218	1	expansion_all	group_a_only	1	954	954.0	954.0	954.0	954.0	954	0	-0.0	3.0	3
chr2:87367725-87367825	chr2	87367725	87367825	chr2_87367725_87367825	1	1	1.1494252873563218	1	expansion_all	group_a_only	1	319	319.0	319.0	319.0	319.0	319	0	-0.0	3.0	3
chr2:131770785-131771561	chr2	131770785	131771561	chr2_131770785_131771561	1	1	1.1494252873563218	1	expansion_all	group_b_only	1	211	211.0	211.0	211.0	211.0	211	0	-0.0	12.0	12
chr3:40377393-40377697	chr3	40377393	40377697	chr3_40377393_40377697	1	1	1.1494252873563218	1	expansion_all	group_b_only	1	1821	1821.0	1821.0	1821.0	1821.0	1821	0	-0.0	3.0	3
chr4:83001822-83002007	chr4	83001822	83002007	chr4_83001822_83002007	1	1	1.1494252873563218	1	expansion_all	group_a_only	1	285	285.0	285.0	285.0	285.0	285	0	-0.0	3.0	3
chr5:34371447-34371521	chr5	34371447	34371521	chr5_34371447_34371521	1	1	1.1494252873563218	1	expansion_all	group_b_only	1	2233	2233.0	2233.0	2233.0	2233.0	2233	0	-0.0	4.0	4
chr5:168746233-168747037	chr5	168746233	168747037	chr5_168746233_168747037	1	1	1.1494252873563218	1	expansion_all	group_a_only	1	526	526.0	526.0	526.0	526.0	526	0	-0.0	26.0	26
chr6:164627582-164628484	chr6	164627582	164628484	chr6_164627582_164628484	1	1	1.1494252873563218	1	expansion_all	group_a_only	1	225	225.0	225.0	225.0	225.0	225	0	-0.0	8.0	8
chr8:19450026-19450371	chr8	19450026	19450371	chr8_19450026_19450371	1	1	1.1494252873563218	1	expansion_all	group_b_only	1	1752	1752.0	1752.0	1752.0	1752.0	1752	0	-0.0	4.0	4
chr9:83158507-83158877	chr9	83158507	83158877	chr9_83158507_83158877	1	1	1.1494252873563218	1	expansion_all	group_b_only	1	139	139.0	139.0	139.0	139.0	139	0	-0.0	4.0	4
chr10:5006568-5006636	chr10	5006568	5006636	chr10_5006568_5006636	1	1	1.1494252873563218	1	expansion_all	group_b_only	1	762	762.0	762.0	762.0	762.0	762	0	-0.0	3.0	3
chr10:48654648-48655296	chr10	48654648	48655296	chr10_48654648_48655296	1	1	1.1494252873563218	1	expansion_all	group_a_only	1	148	148.0	148.0	148.0	148.0	148	0	-0.0	29.0	29
chr10:129223357-129224464	chr10	129223357	129224464	chr10_129223357_129224464	1	1	1.1494252873563218	1	expansion_all	group_b_only	1	71	71.0	71.0	71.0	71.0	71	0	-0.0	9.0	9
chr10:130051195-130052191	chr10	130051195	130052191	chr10_130051195_130052191	1	1	1.1494252873563218	1	expansion_all	group_b_only	1	76	76.0	76.0	76.0	76.0	76	0	-0.0	16.0	16
chr11:36350880-36351816	chr11	36350880	36351816	chr11_36350880_36351816	1	1	1.1494252873563218	1	expansion_all	group_a_only	1	3234	3234.0	3234.0	3234.0	3234.0	3234	0	-0.0	3.0	3
chr13:102161539-102161869	chr13	102161539	102161869	chr13_102161539_102161869	1	1	1.1494252873563218	1	expansion_all	group_a_only	1	129	129.0	129.0	129.0	129.0	129	0	-0.0	3.0	3
chr13:112972157-112972899	chr13	112972157	112972899	chr13_112972157_112972899	1	1	1.1494252873563218	1	expansion_all	group_b_only	1	2065	2065.0	2065.0	2065.0	2065.0	2065	0	-0.0	3.0	3
chr14:105641175-105641742	chr14	105641175	105641742	chr14_105641175_105641742	1	1	1.1494252873563218	1	expansion_all	group_b_only	1	409	409.0	409.0	409.0	409.0	409	0	-0.0	4.0	4
chr16:89157420-89158825	chr16	89157420	89158825	chr16_89157420_89158825	1	1	1.1494252873563218	1	expansion_all	group_a_only	1	293	293.0	293.0	293.0	293.0	293	0	-0.0	4.0	4
chr17:62864922-62865064	chr17	62864922	62865064	chr17_62864922_62865064	1	1	1.1494252873563218	1	expansion_all	group_a_only	1	2040	2040.0	2040.0	2040.0	2040.0	2040	0	-0.0	3.0	3
chr17:83211545-83211878	chr17	83211545	83211878	chr17_83211545_83211878	1	1	1.1494252873563218	1	expansion_all	group_b_only	1	403	403.0	403.0	403.0	403.0	403	0	-0.0	9.0	9
chr18:58888661-58888944	chr18	58888661	58888944	chr18_58888661_58888944	1	1	1.1494252873563218	1	expansion_all	group_b_only	1	58	58.0	58.0	58.0	58.0	58	0	-0.0	4.0	4
chr18:70465074-70465287	chr18	70465074	70465287	chr18_70465074_70465287	1	1	1.1494252873563218	1	expansion_all	group_a_only	1	368	368.0	368.0	368.0	368.0	368	0	-0.0	10.0	10
chr20:47541318-47541493	chr20	47541318	47541493	chr20_47541318_47541493	1	1	1.1494252873563218	1	expansion_all	group_b_only	1	184	184.0	184.0	184.0	184.0	184	0	-0.0	13.0	13
chr21:5289032-5293205	chr21	5289032	5293205	chr21_5289032_5293205	1	1	1.1494252873563218	1	expansion_all	group_b_only	1	2902	2902.0	2902.0	2902.0	2902.0	2902	0	-0.0	3.0	3
chr21:16747274-16747740	chr21	16747274	16747740	chr21_16747274_16747740	1	1	1.1494252873563218	1	expansion_all	group_a_only	1	147	147.0	147.0	147.0	147.0	147	0	-0.0	6.0	6
