site_key	SMHT001-3AK-001A2-M42-B001-broad	SMHT001-3AM-001D2-M42-D001-uwsc	SMHT001-3AO-001B3-M42-D001-uwsc	SMHT005-3AN-001A2-M59-B004-uwsc	SMHT005-3AN-001B1-M59-B001-broad	SMHT007-3AK-001A2-M67-B001-broad	SMHT007-3AM-002A2-M67-B001-broad	SMHT007-3AM-002B1-M67-D001-nygc	SMHT018-3AK-001B3-F89-D001-bcm	SMHT018-3AK-001C1-F89-B004-uwsc	SMHT018-3AL-002B3-F89-B004-uwsc	SMHT018-3AL-002C2-F89-D001-bcm	SMHT018-3AM-001D2-F89-D001-bcm	SMHT018-3AN-001B3-F89-D001-bcm	SMHT020-3AK-002MC-M81-D001-bcm	SMHT020-3AL-001A3-M81-D001-uwsc	SMHT020-3AL-001MC-M81-D001-bcm	SMHT020-3AM-003B1-M81-D001-uwsc	SMHT020-3AM-003B4-M81-D001-bcm	SMHT020-3AN-001A3-M81-D001-uwsc	SMHT020-3AO-004MC-M81-D001-bcm	SMHT022-3AK-001C3-M63-D001-nygc	SMHT022-3AL-001A2-M63-B001-broad	SMHT022-3AL-001C4-M63-D001-nygc	SMHT022-3AM-001A2-M63-B001-broad	SMHT022-3AM-001C4-M63-D001-nygc	SMHT022-3AN-001A2-M63-B001-broad	SMHT022-3AO-001B2-M63-D001-nygc	SMHT023-3AK-002MC-M57-D001-bcm	SMHT023-3AL-001MC-M57-D001-bcm	SMHT023-3AM-001A3-M57-D001-uwsc	SMHT023-3AM-MAMC-M57-D001-bcm	SMHT023-3AN-001A3-M57-D001-uwsc	SMHT023-3AN-001MC-M57-D001-bcm	SMHT024-3AK-001A2-M65-B001-broad	SMHT024-3AK-001B3-M65-B004-uwsc	SMHT024-3AK-001C3-M65-D001-uwsc	SMHT024-3AL-001A2-M65-B001-broad	SMHT024-3AM-002B1-M65-B001-broad	SMHT027-3AL-002D1-F67-D001-nygc	SMHT027-3AM-002A2-F67-B001-broad	SMHT027-3AM-002C3-F67-D001-nygc	SMHT031-3AK-003C3-M65-D001-bcm	SMHT031-3AL-001MC-M65-B001-washu	SMHT031-3AL-001MC-M65-D001-bcm	SMHT031-3AM-002C2-M65-B001-washu	SMHT031-3AM-002C4-M65-D001-bcm	SMHT031-3AN-001A2-M65-D001-bcm	SMHT031-3AN-001B2-M65-B001-washu	SMHT039-3AK-001A3-M74-B001-washu	SMHT039-3AK-001C3-M74-D001-nygc	SMHT039-3AM-001B3-M74-B001-washu	SMHT039-3AM-001C1-M74-D001-nygc	SMHT039-3AN-002C1-M74-B001-washu	SMHT039-3AO-002A2-M74-D001-nygc	SMHT040-3AK-001C2-F89-B004-uwsc	SMHT040-3AL-001B2-F89-D001-bcm	SMHT040-3AL-001C3-F89-B004-uwsc	SMHT040-3AM-001C1-F89-D001-bcm	SMHT040-3AN-001B1-F89-D001-bcm	SMHT043-3AK-002B2-M52-D001-bcm	SMHT043-3AK-002MC-M52-B004-uwsc	SMHT043-3AL-006MC-M52-B004-uwsc	SMHT043-3AM-001MC-M52-B004-uwsc	SMHT043-3AN-002MC-M52-B004-uwsc
chr9:66249319-66249834	1432.0					1477.0	281.0			1172.0		1146.0					9423.0	1197.0	2360.0		1208.0		1331.0		1331.0										1569.0	1570.0		1567.0	1571.0		1235.0		1170.0	1506.0		336.0		2252.0	1507.0	1610.0				1578.0		1362.0		1329.0				1484.0	1483.0		1481.0
chr16:90116644-90118559				1756.0			252.0		1166.0		4906.0	351.0				1509.0			3195.0		3208.0	922.0		938.0		817.0												64.0	1262.0													64.0					141.0		104.0	147.0					
chr13:77703851-77705128	124.0														1108.0	210.0				1028.0	952.0								96.0					208.0		304.0								89.0											209.0	171.0	81.0			116.0	938.0	110.0			
chr16:21834701-21837624									229.0																						190.0			343.0									596.0	604.0	613.0		597.0	590.0	594.0									140.0							
chr9:64462195-64462443		516.0											515.0											513.0		515.0				400.0												476.0									479.0									517.0					
chr20:30676078-30676308				146.0				20461.0						151.0										149.0				7167.0																									144.0			148.0									
chr19:33757354-33757634															587.0		199.0				76.0	151.0																																99.0											
chr22:21308557-21309542												769.0																674.0																							328.0				431.0								324.0		
chrX:56780941-56783155									1030.0						1027.0	1008.0												1027.0																							1036.0														
chr1:602071-602394									522.0				588.0																																											279.0		279.0							
chr4:49331490-49335084																	152.0														6800.0		6802.0																																
chr7:75595162-75595386																						410.0		1231.0				585.0																																					
chr14:23280657-23280816															551.0															578.0										174.0																									
chr1:51906786-51906926																																													333.0			7747.0																	
chr1:66630776-66631127									83.0																																				108.0																				
chr2:109199301-109199876				765.0																																																									4422.0				
chr3:18787864-18789054																																																													1446.0	743.0			
chr3:195966964-195967238																																																									58.0							57.0	
chr5:109340592-109340704															296.0		551.0																																																
chr6:57812660-57812809			265.0																													256.0																																	
chr9:28189170-28189834			785.0																					195.0																																									
chr10:1235088-1240398												6455.0																				6573.0																																	
chr12:3745755-3745850															1273.0		1219.0																																																
chr18:79200678-79200809															6828.0																												3189.0																						
chr1:611255-612570																																												727.0																					
chr1:11373395-11374485			73.0																																																														
chr1:34839074-34839401																																77.0																																	
chr1:69781654-69782004			185.0																																																														
chr1:99682978-99683197																																		954.0																															
chr2:87367725-87367825																															319.0																																		
chr2:131770785-131771561				211.0																																																													
chr3:40377393-40377697																																																							1821.0										
chr4:83001822-83002007																																											285.0																						
chr5:34371447-34371521																											2233.0																																						
chr5:168746233-168747037																																															526.0																		
chr6:164627582-164628484																												225.0																																					
chr8:19450026-19450371																																1752.0																																	
chr9:83158507-83158877																										139.0																																							
chr10:5006568-5006636																																	762.0																																
chr10:48654648-48655296			148.0																																																														
chr10:129223357-129224464																																																						71.0											
chr10:130051195-130052191																																																					76.0												
chr11:36350880-36351816																																																													3234.0				
chr13:102161539-102161869											129.0																																																						
chr13:112972157-112972899																																	2065.0																																
chr14:105641175-105641742																								409.0																																									
chr16:89157420-89158825						293.0																																																											
chr17:62864922-62865064																																																									2040.0								
chr17:83211545-83211878																																											403.0																						
chr18:58888661-58888944					58.0																																																												
chr18:70465074-70465287																																											368.0																						
chr20:47541318-47541493																																					184.0																												
chr21:5289032-5293205																																																			2902.0														
chr21:16747274-16747740																																							147.0																										
