chrom	start	end	variant_class	variant_id	variant_subtype	category	change_size_bp	group_a_alt_reads	group_b_alt_reads	sample_id	source_path	site_key	total_alt_reads	change_size_bin_bp
chr9	66249319	66249834	TR	chr9_66249319_66249834	expansion_all	group_a_only	1432	10	0	SMHT001-3AK-001A2-M42-B001-broad	/stornext/snfs210/fritz/Yilei/SMaHT/sniffcell/brains/results_new_catalog_sniffcell094/same_catalog_run/SMHT001-3AK-001A2-M42-B001-broad/deconv/deconv_requested_group_splits/discover/new_catalog_sniffcell094_same_catalog_run_all/harmonized_variants.tsv	chr9:66249319-66249834	10	1,001-5,000
chr13	77703851	77705128	TR	chr13_77703851_77705128	expansion_all	group_b_only	124	0	3	SMHT001-3AK-001A2-M42-B001-broad	/stornext/snfs210/fritz/Yilei/SMaHT/sniffcell/brains/results_new_catalog_sniffcell094/same_catalog_run/SMHT001-3AK-001A2-M42-B001-broad/deconv/deconv_requested_group_splits/discover/new_catalog_sniffcell094_same_catalog_run_all/harmonized_variants.tsv	chr13:77703851-77705128	3	101-250
chr9	64462195	64462443	TR	chr9_64462195_64462443	expansion_all	group_b_only	516	0	4	SMHT001-3AM-001D2-M42-D001-uwsc	/stornext/snfs210/fritz/Yilei/SMaHT/sniffcell/brains/results_new_catalog_sniffcell094/same_catalog_run/SMHT001-3AM-001D2-M42-D001-uwsc/deconv/deconv_requested_group_splits/discover/new_catalog_sniffcell094_same_catalog_run_all/harmonized_variants.tsv	chr9:64462195-64462443	4	501-1,000
chr1	11373395	11374485	TR	chr1_11373395_11374485	expansion_all	group_b_only	73	0	3	SMHT001-3AO-001B3-M42-D001-uwsc	/stornext/snfs210/fritz/Yilei/SMaHT/sniffcell/brains/results_new_catalog_sniffcell094/same_catalog_run/SMHT001-3AO-001B3-M42-D001-uwsc/deconv/deconv_requested_group_splits/discover/new_catalog_sniffcell094_same_catalog_run_all/harmonized_variants.tsv	chr1:11373395-11374485	3	1-100
chr1	69781654	69782004	TR	chr1_69781654_69782004	expansion_all	group_b_only	185	0	14	SMHT001-3AO-001B3-M42-D001-uwsc	/stornext/snfs210/fritz/Yilei/SMaHT/sniffcell/brains/results_new_catalog_sniffcell094/same_catalog_run/SMHT001-3AO-001B3-M42-D001-uwsc/deconv/deconv_requested_group_splits/discover/new_catalog_sniffcell094_same_catalog_run_all/harmonized_variants.tsv	chr1:69781654-69782004	14	101-250
chr6	57812660	57812809	TR	chr6_57812660_57812809	expansion_all	group_a_only	265	3	0	SMHT001-3AO-001B3-M42-D001-uwsc	/stornext/snfs210/fritz/Yilei/SMaHT/sniffcell/brains/results_new_catalog_sniffcell094/same_catalog_run/SMHT001-3AO-001B3-M42-D001-uwsc/deconv/deconv_requested_group_splits/discover/new_catalog_sniffcell094_same_catalog_run_all/harmonized_variants.tsv	chr6:57812660-57812809	3	251-500
chr9	28189170	28189834	TR	chr9_28189170_28189834	expansion_all	group_a_only	785	4	0	SMHT001-3AO-001B3-M42-D001-uwsc	/stornext/snfs210/fritz/Yilei/SMaHT/sniffcell/brains/results_new_catalog_sniffcell094/same_catalog_run/SMHT001-3AO-001B3-M42-D001-uwsc/deconv/deconv_requested_group_splits/discover/new_catalog_sniffcell094_same_catalog_run_all/harmonized_variants.tsv	chr9:28189170-28189834	4	501-1,000
chr10	48654648	48655296	TR	chr10_48654648_48655296	expansion_all	group_a_only	148	29	0	SMHT001-3AO-001B3-M42-D001-uwsc	/stornext/snfs210/fritz/Yilei/SMaHT/sniffcell/brains/results_new_catalog_sniffcell094/same_catalog_run/SMHT001-3AO-001B3-M42-D001-uwsc/deconv/deconv_requested_group_splits/discover/new_catalog_sniffcell094_same_catalog_run_all/harmonized_variants.tsv	chr10:48654648-48655296	29	101-250
chr2	109199301	109199876	TR	chr2_109199301_109199876	expansion_all	group_a_only	765	3	0	SMHT005-3AN-001A2-M59-B004-uwsc	/stornext/snfs210/fritz/Yilei/SMaHT/sniffcell/brains/results_new_catalog_sniffcell094/same_catalog_run/SMHT005-3AN-001A2-M59-B004-uwsc/deconv/deconv_requested_group_splits/discover/new_catalog_sniffcell094_same_catalog_run_all/harmonized_variants.tsv	chr2:109199301-109199876	3	501-1,000
chr2	131770785	131771561	TR	chr2_131770785_131771561	expansion_all	group_b_only	211	0	12	SMHT005-3AN-001A2-M59-B004-uwsc	/stornext/snfs210/fritz/Yilei/SMaHT/sniffcell/brains/results_new_catalog_sniffcell094/same_catalog_run/SMHT005-3AN-001A2-M59-B004-uwsc/deconv/deconv_requested_group_splits/discover/new_catalog_sniffcell094_same_catalog_run_all/harmonized_variants.tsv	chr2:131770785-131771561	12	101-250
chr16	90116644	90118559	TR	chr16_90116644_90118559	expansion_all	group_b_only	1756	0	4	SMHT005-3AN-001A2-M59-B004-uwsc	/stornext/snfs210/fritz/Yilei/SMaHT/sniffcell/brains/results_new_catalog_sniffcell094/same_catalog_run/SMHT005-3AN-001A2-M59-B004-uwsc/deconv/deconv_requested_group_splits/discover/new_catalog_sniffcell094_same_catalog_run_all/harmonized_variants.tsv	chr16:90116644-90118559	4	1,001-5,000
chr20	30676078	30676308	TR	chr20_30676078_30676308	expansion_all	group_a_only	146	3	0	SMHT005-3AN-001A2-M59-B004-uwsc	/stornext/snfs210/fritz/Yilei/SMaHT/sniffcell/brains/results_new_catalog_sniffcell094/same_catalog_run/SMHT005-3AN-001A2-M59-B004-uwsc/deconv/deconv_requested_group_splits/discover/new_catalog_sniffcell094_same_catalog_run_all/harmonized_variants.tsv	chr20:30676078-30676308	3	101-250
chr18	58888661	58888944	TR	chr18_58888661_58888944	expansion_all	group_b_only	58	0	4	SMHT005-3AN-001B1-M59-B001-broad	/stornext/snfs210/fritz/Yilei/SMaHT/sniffcell/brains/results_new_catalog_sniffcell094/same_catalog_run/SMHT005-3AN-001B1-M59-B001-broad/deconv/deconv_requested_group_splits/discover/new_catalog_sniffcell094_same_catalog_run_all/harmonized_variants.tsv	chr18:58888661-58888944	4	1-100
chr9	66249319	66249834	TR	chr9_66249319_66249834	expansion_all	group_a_only	1477	5	0	SMHT007-3AK-001A2-M67-B001-broad	/stornext/snfs210/fritz/Yilei/SMaHT/sniffcell/brains/results_new_catalog_sniffcell094/same_catalog_run/SMHT007-3AK-001A2-M67-B001-broad/deconv/deconv_requested_group_splits/discover/new_catalog_sniffcell094_same_catalog_run_all/harmonized_variants.tsv	chr9:66249319-66249834	5	1,001-5,000
chr16	89157420	89158825	TR	chr16_89157420_89158825	expansion_all	group_a_only	293	4	0	SMHT007-3AK-001A2-M67-B001-broad	/stornext/snfs210/fritz/Yilei/SMaHT/sniffcell/brains/results_new_catalog_sniffcell094/same_catalog_run/SMHT007-3AK-001A2-M67-B001-broad/deconv/deconv_requested_group_splits/discover/new_catalog_sniffcell094_same_catalog_run_all/harmonized_variants.tsv	chr16:89157420-89158825	4	251-500
chr9	66249319	66249834	TR	chr9_66249319_66249834	expansion_all	group_b_only	281	0	3	SMHT007-3AM-002A2-M67-B001-broad	/stornext/snfs210/fritz/Yilei/SMaHT/sniffcell/brains/results_new_catalog_sniffcell094/same_catalog_run/SMHT007-3AM-002A2-M67-B001-broad/deconv/deconv_requested_group_splits/discover/new_catalog_sniffcell094_same_catalog_run_all/harmonized_variants.tsv	chr9:66249319-66249834	3	251-500
chr16	90116644	90118559	TR	chr16_90116644_90118559	expansion_all	group_b_only	252	0	7	SMHT007-3AM-002A2-M67-B001-broad	/stornext/snfs210/fritz/Yilei/SMaHT/sniffcell/brains/results_new_catalog_sniffcell094/same_catalog_run/SMHT007-3AM-002A2-M67-B001-broad/deconv/deconv_requested_group_splits/discover/new_catalog_sniffcell094_same_catalog_run_all/harmonized_variants.tsv	chr16:90116644-90118559	7	251-500
chr20	30676078	30676308	TR	chr20_30676078_30676308	expansion_all	group_a_only	20461	3	0	SMHT007-3AM-002B1-M67-D001-nygc	/stornext/snfs210/fritz/Yilei/SMaHT/sniffcell/brains/results_new_catalog_sniffcell094/same_catalog_run/SMHT007-3AM-002B1-M67-D001-nygc/deconv/deconv_requested_group_splits/discover/new_catalog_sniffcell094_same_catalog_run_all/harmonized_variants.tsv	chr20:30676078-30676308	3	>5,000
chr1	602071	602394	TR	chr1_602071_602394	expansion_all	group_b_only	522	0	3	SMHT018-3AK-001B3-F89-D001-bcm	/stornext/snfs210/fritz/Yilei/SMaHT/sniffcell/brains/results_new_catalog_sniffcell094/same_catalog_run/SMHT018-3AK-001B3-F89-D001-bcm/deconv/deconv_requested_group_splits/discover/new_catalog_sniffcell094_same_catalog_run_all/harmonized_variants.tsv	chr1:602071-602394	3	501-1,000
chr1	66630776	66631127	TR	chr1_66630776_66631127	expansion_all	group_a_only	83	8	0	SMHT018-3AK-001B3-F89-D001-bcm	/stornext/snfs210/fritz/Yilei/SMaHT/sniffcell/brains/results_new_catalog_sniffcell094/same_catalog_run/SMHT018-3AK-001B3-F89-D001-bcm/deconv/deconv_requested_group_splits/discover/new_catalog_sniffcell094_same_catalog_run_all/harmonized_variants.tsv	chr1:66630776-66631127	8	1-100
chr16	21834701	21837624	TR	chr16_21834701_21837624	expansion_all	group_b_only	229	0	6	SMHT018-3AK-001B3-F89-D001-bcm	/stornext/snfs210/fritz/Yilei/SMaHT/sniffcell/brains/results_new_catalog_sniffcell094/same_catalog_run/SMHT018-3AK-001B3-F89-D001-bcm/deconv/deconv_requested_group_splits/discover/new_catalog_sniffcell094_same_catalog_run_all/harmonized_variants.tsv	chr16:21834701-21837624	6	101-250
chr16	90116644	90118559	TR	chr16_90116644_90118559	expansion_all	group_a_only	1166	9	0	SMHT018-3AK-001B3-F89-D001-bcm	/stornext/snfs210/fritz/Yilei/SMaHT/sniffcell/brains/results_new_catalog_sniffcell094/same_catalog_run/SMHT018-3AK-001B3-F89-D001-bcm/deconv/deconv_requested_group_splits/discover/new_catalog_sniffcell094_same_catalog_run_all/harmonized_variants.tsv	chr16:90116644-90118559	9	1,001-5,000
chrX	56780941	56783155	TR	chrX_56780941_56783155	expansion_all	group_a_only	1030	3	0	SMHT018-3AK-001B3-F89-D001-bcm	/stornext/snfs210/fritz/Yilei/SMaHT/sniffcell/brains/results_new_catalog_sniffcell094/same_catalog_run/SMHT018-3AK-001B3-F89-D001-bcm/deconv/deconv_requested_group_splits/discover/new_catalog_sniffcell094_same_catalog_run_all/harmonized_variants.tsv	chrX:56780941-56783155	3	1,001-5,000
chr9	66249319	66249834	TR	chr9_66249319_66249834	expansion_all	group_a_only	1172	7	0	SMHT018-3AK-001C1-F89-B004-uwsc	/stornext/snfs210/fritz/Yilei/SMaHT/sniffcell/brains/results_new_catalog_sniffcell094/same_catalog_run/SMHT018-3AK-001C1-F89-B004-uwsc/deconv/deconv_requested_group_splits/discover/new_catalog_sniffcell094_same_catalog_run_all/harmonized_variants.tsv	chr9:66249319-66249834	7	1,001-5,000
chr13	102161539	102161869	TR	chr13_102161539_102161869	expansion_all	group_a_only	129	3	0	SMHT018-3AL-002B3-F89-B004-uwsc	/stornext/snfs210/fritz/Yilei/SMaHT/sniffcell/brains/results_new_catalog_sniffcell094/same_catalog_run/SMHT018-3AL-002B3-F89-B004-uwsc/deconv/deconv_requested_group_splits/discover/new_catalog_sniffcell094_same_catalog_run_all/harmonized_variants.tsv	chr13:102161539-102161869	3	101-250
chr16	90116644	90118559	TR	chr16_90116644_90118559	expansion_all	group_a_only	4906	5	0	SMHT018-3AL-002B3-F89-B004-uwsc	/stornext/snfs210/fritz/Yilei/SMaHT/sniffcell/brains/results_new_catalog_sniffcell094/same_catalog_run/SMHT018-3AL-002B3-F89-B004-uwsc/deconv/deconv_requested_group_splits/discover/new_catalog_sniffcell094_same_catalog_run_all/harmonized_variants.tsv	chr16:90116644-90118559	5	1,001-5,000
chr9	66249319	66249834	TR	chr9_66249319_66249834	expansion_all	group_b_only	1146	0	3	SMHT018-3AL-002C2-F89-D001-bcm	/stornext/snfs210/fritz/Yilei/SMaHT/sniffcell/brains/results_new_catalog_sniffcell094/same_catalog_run/SMHT018-3AL-002C2-F89-D001-bcm/deconv/deconv_requested_group_splits/discover/new_catalog_sniffcell094_same_catalog_run_all/harmonized_variants.tsv	chr9:66249319-66249834	3	1,001-5,000
chr10	1235088	1240398	TR	chr10_1235088_1240398	expansion_all	group_b_only	6455	0	4	SMHT018-3AL-002C2-F89-D001-bcm	/stornext/snfs210/fritz/Yilei/SMaHT/sniffcell/brains/results_new_catalog_sniffcell094/same_catalog_run/SMHT018-3AL-002C2-F89-D001-bcm/deconv/deconv_requested_group_splits/discover/new_catalog_sniffcell094_same_catalog_run_all/harmonized_variants.tsv	chr10:1235088-1240398	4	>5,000
chr16	90116644	90118559	TR	chr16_90116644_90118559	expansion_all	group_a_only	351	6	0	SMHT018-3AL-002C2-F89-D001-bcm	/stornext/snfs210/fritz/Yilei/SMaHT/sniffcell/brains/results_new_catalog_sniffcell094/same_catalog_run/SMHT018-3AL-002C2-F89-D001-bcm/deconv/deconv_requested_group_splits/discover/new_catalog_sniffcell094_same_catalog_run_all/harmonized_variants.tsv	chr16:90116644-90118559	6	251-500
chr22	21308557	21309542	TR	chr22_21308557_21309542	expansion_all	group_b_only	769	0	4	SMHT018-3AL-002C2-F89-D001-bcm	/stornext/snfs210/fritz/Yilei/SMaHT/sniffcell/brains/results_new_catalog_sniffcell094/same_catalog_run/SMHT018-3AL-002C2-F89-D001-bcm/deconv/deconv_requested_group_splits/discover/new_catalog_sniffcell094_same_catalog_run_all/harmonized_variants.tsv	chr22:21308557-21309542	4	501-1,000
chr1	602071	602394	TR	chr1_602071_602394	expansion_all	group_b_only	588	0	7	SMHT018-3AM-001D2-F89-D001-bcm	/stornext/snfs210/fritz/Yilei/SMaHT/sniffcell/brains/results_new_catalog_sniffcell094/same_catalog_run/SMHT018-3AM-001D2-F89-D001-bcm/deconv/deconv_requested_group_splits/discover/new_catalog_sniffcell094_same_catalog_run_all/harmonized_variants.tsv	chr1:602071-602394	7	501-1,000
chr9	64462195	64462443	TR	chr9_64462195_64462443	expansion_all	group_b_only	515	0	3	SMHT018-3AM-001D2-F89-D001-bcm	/stornext/snfs210/fritz/Yilei/SMaHT/sniffcell/brains/results_new_catalog_sniffcell094/same_catalog_run/SMHT018-3AM-001D2-F89-D001-bcm/deconv/deconv_requested_group_splits/discover/new_catalog_sniffcell094_same_catalog_run_all/harmonized_variants.tsv	chr9:64462195-64462443	3	501-1,000
chr20	30676078	30676308	TR	chr20_30676078_30676308	expansion_all	group_a_only	151	3	0	SMHT018-3AN-001B3-F89-D001-bcm	/stornext/snfs210/fritz/Yilei/SMaHT/sniffcell/brains/results_new_catalog_sniffcell094/same_catalog_run/SMHT018-3AN-001B3-F89-D001-bcm/deconv/deconv_requested_group_splits/discover/new_catalog_sniffcell094_same_catalog_run_all/harmonized_variants.tsv	chr20:30676078-30676308	3	101-250
chr5	109340592	109340704	TR	chr5_109340592_109340704	expansion_all	group_b_only	296	0	9	SMHT020-3AK-002MC-M81-D001-bcm	/stornext/snfs210/fritz/Yilei/SMaHT/sniffcell/brains/results_new_catalog_sniffcell094/same_catalog_run/SMHT020-3AK-002MC-M81-D001-bcm/deconv/deconv_requested_group_splits/discover/new_catalog_sniffcell094_same_catalog_run_all/harmonized_variants.tsv	chr5:109340592-109340704	9	251-500
chr12	3745755	3745850	TR	chr12_3745755_3745850	expansion_all	group_a_only	1273	9	0	SMHT020-3AK-002MC-M81-D001-bcm	/stornext/snfs210/fritz/Yilei/SMaHT/sniffcell/brains/results_new_catalog_sniffcell094/same_catalog_run/SMHT020-3AK-002MC-M81-D001-bcm/deconv/deconv_requested_group_splits/discover/new_catalog_sniffcell094_same_catalog_run_all/harmonized_variants.tsv	chr12:3745755-3745850	9	1,001-5,000
chr13	77703851	77705128	TR	chr13_77703851_77705128	expansion_all	group_b_only	1108	0	3	SMHT020-3AK-002MC-M81-D001-bcm	/stornext/snfs210/fritz/Yilei/SMaHT/sniffcell/brains/results_new_catalog_sniffcell094/same_catalog_run/SMHT020-3AK-002MC-M81-D001-bcm/deconv/deconv_requested_group_splits/discover/new_catalog_sniffcell094_same_catalog_run_all/harmonized_variants.tsv	chr13:77703851-77705128	3	1,001-5,000
chr14	23280657	23280816	TR	chr14_23280657_23280816	expansion_all	group_a_only	551	3	0	SMHT020-3AK-002MC-M81-D001-bcm	/stornext/snfs210/fritz/Yilei/SMaHT/sniffcell/brains/results_new_catalog_sniffcell094/same_catalog_run/SMHT020-3AK-002MC-M81-D001-bcm/deconv/deconv_requested_group_splits/discover/new_catalog_sniffcell094_same_catalog_run_all/harmonized_variants.tsv	chr14:23280657-23280816	3	501-1,000
chr18	79200678	79200809	TR	chr18_79200678_79200809	expansion_all	group_b_only	6828	0	11	SMHT020-3AK-002MC-M81-D001-bcm	/stornext/snfs210/fritz/Yilei/SMaHT/sniffcell/brains/results_new_catalog_sniffcell094/same_catalog_run/SMHT020-3AK-002MC-M81-D001-bcm/deconv/deconv_requested_group_splits/discover/new_catalog_sniffcell094_same_catalog_run_all/harmonized_variants.tsv	chr18:79200678-79200809	11	>5,000
chr19	33757354	33757634	TR	chr19_33757354_33757634	expansion_all	group_a_only	587	7	0	SMHT020-3AK-002MC-M81-D001-bcm	/stornext/snfs210/fritz/Yilei/SMaHT/sniffcell/brains/results_new_catalog_sniffcell094/same_catalog_run/SMHT020-3AK-002MC-M81-D001-bcm/deconv/deconv_requested_group_splits/discover/new_catalog_sniffcell094_same_catalog_run_all/harmonized_variants.tsv	chr19:33757354-33757634	7	501-1,000
chrX	56780941	56783155	TR	chrX_56780941_56783155	expansion_all	group_a_only	1027	6	0	SMHT020-3AK-002MC-M81-D001-bcm	/stornext/snfs210/fritz/Yilei/SMaHT/sniffcell/brains/results_new_catalog_sniffcell094/same_catalog_run/SMHT020-3AK-002MC-M81-D001-bcm/deconv/deconv_requested_group_splits/discover/new_catalog_sniffcell094_same_catalog_run_all/harmonized_variants.tsv	chrX:56780941-56783155	6	1,001-5,000
chr13	77703851	77705128	TR	chr13_77703851_77705128	expansion_all	group_b_only	210	0	4	SMHT020-3AL-001A3-M81-D001-uwsc	/stornext/snfs210/fritz/Yilei/SMaHT/sniffcell/brains/results_new_catalog_sniffcell094/same_catalog_run/SMHT020-3AL-001A3-M81-D001-uwsc/deconv/deconv_requested_group_splits/discover/new_catalog_sniffcell094_same_catalog_run_all/harmonized_variants.tsv	chr13:77703851-77705128	4	101-250
chr16	90116644	90118559	TR	chr16_90116644_90118559	expansion_all	group_a_only	1509	17	0	SMHT020-3AL-001A3-M81-D001-uwsc	/stornext/snfs210/fritz/Yilei/SMaHT/sniffcell/brains/results_new_catalog_sniffcell094/same_catalog_run/SMHT020-3AL-001A3-M81-D001-uwsc/deconv/deconv_requested_group_splits/discover/new_catalog_sniffcell094_same_catalog_run_all/harmonized_variants.tsv	chr16:90116644-90118559	17	1,001-5,000
chrX	56780941	56783155	TR	chrX_56780941_56783155	expansion_all	group_a_only	1008	4	0	SMHT020-3AL-001A3-M81-D001-uwsc	/stornext/snfs210/fritz/Yilei/SMaHT/sniffcell/brains/results_new_catalog_sniffcell094/same_catalog_run/SMHT020-3AL-001A3-M81-D001-uwsc/deconv/deconv_requested_group_splits/discover/new_catalog_sniffcell094_same_catalog_run_all/harmonized_variants.tsv	chrX:56780941-56783155	4	1,001-5,000
chr4	49331490	49335084	TR	chr4_49331490_49335084	expansion_all	group_b_only	152	0	6	SMHT020-3AL-001MC-M81-D001-bcm	/stornext/snfs210/fritz/Yilei/SMaHT/sniffcell/brains/results_new_catalog_sniffcell094/same_catalog_run/SMHT020-3AL-001MC-M81-D001-bcm/deconv/deconv_requested_group_splits/discover/new_catalog_sniffcell094_same_catalog_run_all/harmonized_variants.tsv	chr4:49331490-49335084	6	101-250
chr5	109340592	109340704	TR	chr5_109340592_109340704	expansion_all	group_a_only	551	4	0	SMHT020-3AL-001MC-M81-D001-bcm	/stornext/snfs210/fritz/Yilei/SMaHT/sniffcell/brains/results_new_catalog_sniffcell094/same_catalog_run/SMHT020-3AL-001MC-M81-D001-bcm/deconv/deconv_requested_group_splits/discover/new_catalog_sniffcell094_same_catalog_run_all/harmonized_variants.tsv	chr5:109340592-109340704	4	501-1,000
chr9	66249319	66249834	TR	chr9_66249319_66249834	expansion_all	group_b_only	9423	0	5	SMHT020-3AL-001MC-M81-D001-bcm	/stornext/snfs210/fritz/Yilei/SMaHT/sniffcell/brains/results_new_catalog_sniffcell094/same_catalog_run/SMHT020-3AL-001MC-M81-D001-bcm/deconv/deconv_requested_group_splits/discover/new_catalog_sniffcell094_same_catalog_run_all/harmonized_variants.tsv	chr9:66249319-66249834	5	>5,000
chr12	3745755	3745850	TR	chr12_3745755_3745850	expansion_all	group_a_only	1219	3	0	SMHT020-3AL-001MC-M81-D001-bcm	/stornext/snfs210/fritz/Yilei/SMaHT/sniffcell/brains/results_new_catalog_sniffcell094/same_catalog_run/SMHT020-3AL-001MC-M81-D001-bcm/deconv/deconv_requested_group_splits/discover/new_catalog_sniffcell094_same_catalog_run_all/harmonized_variants.tsv	chr12:3745755-3745850	3	1,001-5,000
chr19	33757354	33757634	TR	chr19_33757354_33757634	expansion_all	group_a_only	199	3	0	SMHT020-3AL-001MC-M81-D001-bcm	/stornext/snfs210/fritz/Yilei/SMaHT/sniffcell/brains/results_new_catalog_sniffcell094/same_catalog_run/SMHT020-3AL-001MC-M81-D001-bcm/deconv/deconv_requested_group_splits/discover/new_catalog_sniffcell094_same_catalog_run_all/harmonized_variants.tsv	chr19:33757354-33757634	3	101-250
chr9	66249319	66249834	TR	chr9_66249319_66249834	expansion_all	group_b_only	1197	0	6	SMHT020-3AM-003B1-M81-D001-uwsc	/stornext/snfs210/fritz/Yilei/SMaHT/sniffcell/brains/results_new_catalog_sniffcell094/same_catalog_run/SMHT020-3AM-003B1-M81-D001-uwsc/deconv/deconv_requested_group_splits/discover/new_catalog_sniffcell094_same_catalog_run_all/harmonized_variants.tsv	chr9:66249319-66249834	6	1,001-5,000
chr9	66249319	66249834	TR	chr9_66249319_66249834	expansion_all	group_b_only	2360	0	7	SMHT020-3AM-003B4-M81-D001-bcm	/stornext/snfs210/fritz/Yilei/SMaHT/sniffcell/brains/results_new_catalog_sniffcell094/same_catalog_run/SMHT020-3AM-003B4-M81-D001-bcm/deconv/deconv_requested_group_splits/discover/new_catalog_sniffcell094_same_catalog_run_all/harmonized_variants.tsv	chr9:66249319-66249834	7	1,001-5,000
chr16	90116644	90118559	TR	chr16_90116644_90118559	expansion_all	group_a_only	3195	3	0	SMHT020-3AM-003B4-M81-D001-bcm	/stornext/snfs210/fritz/Yilei/SMaHT/sniffcell/brains/results_new_catalog_sniffcell094/same_catalog_run/SMHT020-3AM-003B4-M81-D001-bcm/deconv/deconv_requested_group_splits/discover/new_catalog_sniffcell094_same_catalog_run_all/harmonized_variants.tsv	chr16:90116644-90118559	3	1,001-5,000
chr13	77703851	77705128	TR	chr13_77703851_77705128	expansion_all	group_b_only	1028	0	4	SMHT020-3AN-001A3-M81-D001-uwsc	/stornext/snfs210/fritz/Yilei/SMaHT/sniffcell/brains/results_new_catalog_sniffcell094/same_catalog_run/SMHT020-3AN-001A3-M81-D001-uwsc/deconv/deconv_requested_group_splits/discover/new_catalog_sniffcell094_same_catalog_run_all/harmonized_variants.tsv	chr13:77703851-77705128	4	1,001-5,000
chr9	66249319	66249834	TR	chr9_66249319_66249834	expansion_all	group_b_only	1208	0	5	SMHT020-3AO-004MC-M81-D001-bcm	/stornext/snfs210/fritz/Yilei/SMaHT/sniffcell/brains/results_new_catalog_sniffcell094/same_catalog_run/SMHT020-3AO-004MC-M81-D001-bcm/deconv/deconv_requested_group_splits/discover/new_catalog_sniffcell094_same_catalog_run_all/harmonized_variants.tsv	chr9:66249319-66249834	5	1,001-5,000
chr13	77703851	77705128	TR	chr13_77703851_77705128	expansion_all	group_b_only	952	0	5	SMHT020-3AO-004MC-M81-D001-bcm	/stornext/snfs210/fritz/Yilei/SMaHT/sniffcell/brains/results_new_catalog_sniffcell094/same_catalog_run/SMHT020-3AO-004MC-M81-D001-bcm/deconv/deconv_requested_group_splits/discover/new_catalog_sniffcell094_same_catalog_run_all/harmonized_variants.tsv	chr13:77703851-77705128	5	501-1,000
chr16	90116644	90118559	TR	chr16_90116644_90118559	expansion_all	group_a_only	3208	3	0	SMHT020-3AO-004MC-M81-D001-bcm	/stornext/snfs210/fritz/Yilei/SMaHT/sniffcell/brains/results_new_catalog_sniffcell094/same_catalog_run/SMHT020-3AO-004MC-M81-D001-bcm/deconv/deconv_requested_group_splits/discover/new_catalog_sniffcell094_same_catalog_run_all/harmonized_variants.tsv	chr16:90116644-90118559	3	1,001-5,000
chr19	33757354	33757634	TR	chr19_33757354_33757634	expansion_all	group_b_only	76	0	3	SMHT020-3AO-004MC-M81-D001-bcm	/stornext/snfs210/fritz/Yilei/SMaHT/sniffcell/brains/results_new_catalog_sniffcell094/same_catalog_run/SMHT020-3AO-004MC-M81-D001-bcm/deconv/deconv_requested_group_splits/discover/new_catalog_sniffcell094_same_catalog_run_all/harmonized_variants.tsv	chr19:33757354-33757634	3	1-100
chr7	75595162	75595386	TR	chr7_75595162_75595386	expansion_all	group_b_only	410	0	3	SMHT022-3AK-001C3-M63-D001-nygc	/stornext/snfs210/fritz/Yilei/SMaHT/sniffcell/brains/results_new_catalog_sniffcell094/same_catalog_run/SMHT022-3AK-001C3-M63-D001-nygc/deconv/deconv_requested_group_splits/discover/new_catalog_sniffcell094_same_catalog_run_all/harmonized_variants.tsv	chr7:75595162-75595386	3	251-500
chr16	90116644	90118559	TR	chr16_90116644_90118559	expansion_all	group_a_only	922	32	0	SMHT022-3AK-001C3-M63-D001-nygc	/stornext/snfs210/fritz/Yilei/SMaHT/sniffcell/brains/results_new_catalog_sniffcell094/same_catalog_run/SMHT022-3AK-001C3-M63-D001-nygc/deconv/deconv_requested_group_splits/discover/new_catalog_sniffcell094_same_catalog_run_all/harmonized_variants.tsv	chr16:90116644-90118559	32	501-1,000
chr19	33757354	33757634	TR	chr19_33757354_33757634	expansion_all	group_a_only	151	5	0	SMHT022-3AK-001C3-M63-D001-nygc	/stornext/snfs210/fritz/Yilei/SMaHT/sniffcell/brains/results_new_catalog_sniffcell094/same_catalog_run/SMHT022-3AK-001C3-M63-D001-nygc/deconv/deconv_requested_group_splits/discover/new_catalog_sniffcell094_same_catalog_run_all/harmonized_variants.tsv	chr19:33757354-33757634	5	101-250
chr9	66249319	66249834	TR	chr9_66249319_66249834	expansion_all	group_a_only	1331	9	0	SMHT022-3AL-001A2-M63-B001-broad	/stornext/snfs210/fritz/Yilei/SMaHT/sniffcell/brains/results_new_catalog_sniffcell094/same_catalog_run/SMHT022-3AL-001A2-M63-B001-broad/deconv/deconv_requested_group_splits/discover/new_catalog_sniffcell094_same_catalog_run_all/harmonized_variants.tsv	chr9:66249319-66249834	9	1,001-5,000
chr7	75595162	75595386	TR	chr7_75595162_75595386	expansion_all	group_b_only	1231	0	12	SMHT022-3AL-001C4-M63-D001-nygc	/stornext/snfs210/fritz/Yilei/SMaHT/sniffcell/brains/results_new_catalog_sniffcell094/same_catalog_run/SMHT022-3AL-001C4-M63-D001-nygc/deconv/deconv_requested_group_splits/discover/new_catalog_sniffcell094_same_catalog_run_all/harmonized_variants.tsv	chr7:75595162-75595386	12	1,001-5,000
chr9	28189170	28189834	TR	chr9_28189170_28189834	expansion_all	group_b_only	195	0	4	SMHT022-3AL-001C4-M63-D001-nygc	/stornext/snfs210/fritz/Yilei/SMaHT/sniffcell/brains/results_new_catalog_sniffcell094/same_catalog_run/SMHT022-3AL-001C4-M63-D001-nygc/deconv/deconv_requested_group_splits/discover/new_catalog_sniffcell094_same_catalog_run_all/harmonized_variants.tsv	chr9:28189170-28189834	4	101-250
chr9	64462195	64462443	TR	chr9_64462195_64462443	expansion_all	group_b_only	513	0	3	SMHT022-3AL-001C4-M63-D001-nygc	/stornext/snfs210/fritz/Yilei/SMaHT/sniffcell/brains/results_new_catalog_sniffcell094/same_catalog_run/SMHT022-3AL-001C4-M63-D001-nygc/deconv/deconv_requested_group_splits/discover/new_catalog_sniffcell094_same_catalog_run_all/harmonized_variants.tsv	chr9:64462195-64462443	3	501-1,000
chr14	105641175	105641742	TR	chr14_105641175_105641742	expansion_all	group_b_only	409	0	4	SMHT022-3AL-001C4-M63-D001-nygc	/stornext/snfs210/fritz/Yilei/SMaHT/sniffcell/brains/results_new_catalog_sniffcell094/same_catalog_run/SMHT022-3AL-001C4-M63-D001-nygc/deconv/deconv_requested_group_splits/discover/new_catalog_sniffcell094_same_catalog_run_all/harmonized_variants.tsv	chr14:105641175-105641742	4	251-500
chr16	90116644	90118559	TR	chr16_90116644_90118559	expansion_all	group_a_only	938	13	0	SMHT022-3AL-001C4-M63-D001-nygc	/stornext/snfs210/fritz/Yilei/SMaHT/sniffcell/brains/results_new_catalog_sniffcell094/same_catalog_run/SMHT022-3AL-001C4-M63-D001-nygc/deconv/deconv_requested_group_splits/discover/new_catalog_sniffcell094_same_catalog_run_all/harmonized_variants.tsv	chr16:90116644-90118559	13	501-1,000
chr20	30676078	30676308	TR	chr20_30676078_30676308	expansion_all	group_a_only	149	6	0	SMHT022-3AL-001C4-M63-D001-nygc	/stornext/snfs210/fritz/Yilei/SMaHT/sniffcell/brains/results_new_catalog_sniffcell094/same_catalog_run/SMHT022-3AL-001C4-M63-D001-nygc/deconv/deconv_requested_group_splits/discover/new_catalog_sniffcell094_same_catalog_run_all/harmonized_variants.tsv	chr20:30676078-30676308	6	101-250
chr9	66249319	66249834	TR	chr9_66249319_66249834	expansion_all	group_b_only	1331	0	4	SMHT022-3AM-001A2-M63-B001-broad	/stornext/snfs210/fritz/Yilei/SMaHT/sniffcell/brains/results_new_catalog_sniffcell094/same_catalog_run/SMHT022-3AM-001A2-M63-B001-broad/deconv/deconv_requested_group_splits/discover/new_catalog_sniffcell094_same_catalog_run_all/harmonized_variants.tsv	chr9:66249319-66249834	4	1,001-5,000
chr9	64462195	64462443	TR	chr9_64462195_64462443	expansion_all	group_b_only	515	0	5	SMHT022-3AM-001C4-M63-D001-nygc	/stornext/snfs210/fritz/Yilei/SMaHT/sniffcell/brains/results_new_catalog_sniffcell094/same_catalog_run/SMHT022-3AM-001C4-M63-D001-nygc/deconv/deconv_requested_group_splits/discover/new_catalog_sniffcell094_same_catalog_run_all/harmonized_variants.tsv	chr9:64462195-64462443	5	501-1,000
chr9	83158507	83158877	TR	chr9_83158507_83158877	expansion_all	group_b_only	139	0	4	SMHT022-3AM-001C4-M63-D001-nygc	/stornext/snfs210/fritz/Yilei/SMaHT/sniffcell/brains/results_new_catalog_sniffcell094/same_catalog_run/SMHT022-3AM-001C4-M63-D001-nygc/deconv/deconv_requested_group_splits/discover/new_catalog_sniffcell094_same_catalog_run_all/harmonized_variants.tsv	chr9:83158507-83158877	4	101-250
chr16	90116644	90118559	TR	chr16_90116644_90118559	expansion_all	group_a_only	817	7	0	SMHT022-3AM-001C4-M63-D001-nygc	/stornext/snfs210/fritz/Yilei/SMaHT/sniffcell/brains/results_new_catalog_sniffcell094/same_catalog_run/SMHT022-3AM-001C4-M63-D001-nygc/deconv/deconv_requested_group_splits/discover/new_catalog_sniffcell094_same_catalog_run_all/harmonized_variants.tsv	chr16:90116644-90118559	7	501-1,000
chr5	34371447	34371521	TR	chr5_34371447_34371521	expansion_all	group_b_only	2233	0	4	SMHT022-3AN-001A2-M63-B001-broad	/stornext/snfs210/fritz/Yilei/SMaHT/sniffcell/brains/results_new_catalog_sniffcell094/same_catalog_run/SMHT022-3AN-001A2-M63-B001-broad/deconv/deconv_requested_group_splits/discover/new_catalog_sniffcell094_same_catalog_run_all/harmonized_variants.tsv	chr5:34371447-34371521	4	1,001-5,000
chr6	164627582	164628484	TR	chr6_164627582_164628484	expansion_all	group_a_only	225	8	0	SMHT022-3AO-001B2-M63-D001-nygc	/stornext/snfs210/fritz/Yilei/SMaHT/sniffcell/brains/results_new_catalog_sniffcell094/same_catalog_run/SMHT022-3AO-001B2-M63-D001-nygc/deconv/deconv_requested_group_splits/discover/new_catalog_sniffcell094_same_catalog_run_all/harmonized_variants.tsv	chr6:164627582-164628484	8	101-250
chr7	75595162	75595386	TR	chr7_75595162_75595386	expansion_all	group_b_only	585	0	8	SMHT022-3AO-001B2-M63-D001-nygc	/stornext/snfs210/fritz/Yilei/SMaHT/sniffcell/brains/results_new_catalog_sniffcell094/same_catalog_run/SMHT022-3AO-001B2-M63-D001-nygc/deconv/deconv_requested_group_splits/discover/new_catalog_sniffcell094_same_catalog_run_all/harmonized_variants.tsv	chr7:75595162-75595386	8	501-1,000
chr20	30676078	30676308	TR	chr20_30676078_30676308	expansion_all	group_a_only	7167	4	0	SMHT022-3AO-001B2-M63-D001-nygc	/stornext/snfs210/fritz/Yilei/SMaHT/sniffcell/brains/results_new_catalog_sniffcell094/same_catalog_run/SMHT022-3AO-001B2-M63-D001-nygc/deconv/deconv_requested_group_splits/discover/new_catalog_sniffcell094_same_catalog_run_all/harmonized_variants.tsv	chr20:30676078-30676308	4	>5,000
chr22	21308557	21309542	TR	chr22_21308557_21309542	expansion_all	group_a_only	674	3	0	SMHT022-3AO-001B2-M63-D001-nygc	/stornext/snfs210/fritz/Yilei/SMaHT/sniffcell/brains/results_new_catalog_sniffcell094/same_catalog_run/SMHT022-3AO-001B2-M63-D001-nygc/deconv/deconv_requested_group_splits/discover/new_catalog_sniffcell094_same_catalog_run_all/harmonized_variants.tsv	chr22:21308557-21309542	3	501-1,000
chrX	56780941	56783155	TR	chrX_56780941_56783155	expansion_all	group_a_only	1027	4	0	SMHT022-3AO-001B2-M63-D001-nygc	/stornext/snfs210/fritz/Yilei/SMaHT/sniffcell/brains/results_new_catalog_sniffcell094/same_catalog_run/SMHT022-3AO-001B2-M63-D001-nygc/deconv/deconv_requested_group_splits/discover/new_catalog_sniffcell094_same_catalog_run_all/harmonized_variants.tsv	chrX:56780941-56783155	4	1,001-5,000
chr13	77703851	77705128	TR	chr13_77703851_77705128	expansion_all	group_b_only	96	0	3	SMHT023-3AK-002MC-M57-D001-bcm	/stornext/snfs210/fritz/Yilei/SMaHT/sniffcell/brains/results_new_catalog_sniffcell094/same_catalog_run/SMHT023-3AK-002MC-M57-D001-bcm/deconv/deconv_requested_group_splits/discover/new_catalog_sniffcell094_same_catalog_run_all/harmonized_variants.tsv	chr13:77703851-77705128	3	1-100
chr9	64462195	64462443	TR	chr9_64462195_64462443	expansion_all	group_b_only	400	0	4	SMHT023-3AL-001MC-M57-D001-bcm	/stornext/snfs210/fritz/Yilei/SMaHT/sniffcell/brains/results_new_catalog_sniffcell094/same_catalog_run/SMHT023-3AL-001MC-M57-D001-bcm/deconv/deconv_requested_group_splits/discover/new_catalog_sniffcell094_same_catalog_run_all/harmonized_variants.tsv	chr9:64462195-64462443	4	251-500
chr14	23280657	23280816	TR	chr14_23280657_23280816	expansion_all	group_a_only	578	4	0	SMHT023-3AL-001MC-M57-D001-bcm	/stornext/snfs210/fritz/Yilei/SMaHT/sniffcell/brains/results_new_catalog_sniffcell094/same_catalog_run/SMHT023-3AL-001MC-M57-D001-bcm/deconv/deconv_requested_group_splits/discover/new_catalog_sniffcell094_same_catalog_run_all/harmonized_variants.tsv	chr14:23280657-23280816	4	501-1,000
chr2	87367725	87367825	TR	chr2_87367725_87367825	expansion_all	group_a_only	319	3	0	SMHT023-3AM-001A3-M57-D001-uwsc	/stornext/snfs210/fritz/Yilei/SMaHT/sniffcell/brains/results_new_catalog_sniffcell094/same_catalog_run/SMHT023-3AM-001A3-M57-D001-uwsc/deconv/deconv_requested_group_splits/discover/new_catalog_sniffcell094_same_catalog_run_all/harmonized_variants.tsv	chr2:87367725-87367825	3	251-500
chr4	49331490	49335084	TR	chr4_49331490_49335084	expansion_all	group_b_only	6800	0	3	SMHT023-3AM-001A3-M57-D001-uwsc	/stornext/snfs210/fritz/Yilei/SMaHT/sniffcell/brains/results_new_catalog_sniffcell094/same_catalog_run/SMHT023-3AM-001A3-M57-D001-uwsc/deconv/deconv_requested_group_splits/discover/new_catalog_sniffcell094_same_catalog_run_all/harmonized_variants.tsv	chr4:49331490-49335084	3	>5,000
chr16	21834701	21837624	TR	chr16_21834701_21837624	expansion_all	group_b_only	190	0	3	SMHT023-3AM-001A3-M57-D001-uwsc	/stornext/snfs210/fritz/Yilei/SMaHT/sniffcell/brains/results_new_catalog_sniffcell094/same_catalog_run/SMHT023-3AM-001A3-M57-D001-uwsc/deconv/deconv_requested_group_splits/discover/new_catalog_sniffcell094_same_catalog_run_all/harmonized_variants.tsv	chr16:21834701-21837624	3	101-250
chr1	34839074	34839401	TR	chr1_34839074_34839401	expansion_all	group_a_only	77	3	0	SMHT023-3AM-MAMC-M57-D001-bcm	/stornext/snfs210/fritz/Yilei/SMaHT/sniffcell/brains/results_new_catalog_sniffcell094/same_catalog_run/SMHT023-3AM-MAMC-M57-D001-bcm/deconv/deconv_requested_group_splits/discover/new_catalog_sniffcell094_same_catalog_run_all/harmonized_variants.tsv	chr1:34839074-34839401	3	1-100
chr6	57812660	57812809	TR	chr6_57812660_57812809	expansion_all	group_a_only	256	5	0	SMHT023-3AM-MAMC-M57-D001-bcm	/stornext/snfs210/fritz/Yilei/SMaHT/sniffcell/brains/results_new_catalog_sniffcell094/same_catalog_run/SMHT023-3AM-MAMC-M57-D001-bcm/deconv/deconv_requested_group_splits/discover/new_catalog_sniffcell094_same_catalog_run_all/harmonized_variants.tsv	chr6:57812660-57812809	5	251-500
chr8	19450026	19450371	TR	chr8_19450026_19450371	expansion_all	group_b_only	1752	0	4	SMHT023-3AM-MAMC-M57-D001-bcm	/stornext/snfs210/fritz/Yilei/SMaHT/sniffcell/brains/results_new_catalog_sniffcell094/same_catalog_run/SMHT023-3AM-MAMC-M57-D001-bcm/deconv/deconv_requested_group_splits/discover/new_catalog_sniffcell094_same_catalog_run_all/harmonized_variants.tsv	chr8:19450026-19450371	4	1,001-5,000
chr10	1235088	1240398	TR	chr10_1235088_1240398	expansion_all	group_b_only	6573	0	5	SMHT023-3AM-MAMC-M57-D001-bcm	/stornext/snfs210/fritz/Yilei/SMaHT/sniffcell/brains/results_new_catalog_sniffcell094/same_catalog_run/SMHT023-3AM-MAMC-M57-D001-bcm/deconv/deconv_requested_group_splits/discover/new_catalog_sniffcell094_same_catalog_run_all/harmonized_variants.tsv	chr10:1235088-1240398	5	>5,000
chr4	49331490	49335084	TR	chr4_49331490_49335084	expansion_all	group_b_only	6802	0	7	SMHT023-3AN-001A3-M57-D001-uwsc	/stornext/snfs210/fritz/Yilei/SMaHT/sniffcell/brains/results_new_catalog_sniffcell094/same_catalog_run/SMHT023-3AN-001A3-M57-D001-uwsc/deconv/deconv_requested_group_splits/discover/new_catalog_sniffcell094_same_catalog_run_all/harmonized_variants.tsv	chr4:49331490-49335084	7	>5,000
chr10	5006568	5006636	TR	chr10_5006568_5006636	expansion_all	group_b_only	762	0	3	SMHT023-3AN-001A3-M57-D001-uwsc	/stornext/snfs210/fritz/Yilei/SMaHT/sniffcell/brains/results_new_catalog_sniffcell094/same_catalog_run/SMHT023-3AN-001A3-M57-D001-uwsc/deconv/deconv_requested_group_splits/discover/new_catalog_sniffcell094_same_catalog_run_all/harmonized_variants.tsv	chr10:5006568-5006636	3	501-1,000
chr13	112972157	112972899	TR	chr13_112972157_112972899	expansion_all	group_b_only	2065	0	3	SMHT023-3AN-001A3-M57-D001-uwsc	/stornext/snfs210/fritz/Yilei/SMaHT/sniffcell/brains/results_new_catalog_sniffcell094/same_catalog_run/SMHT023-3AN-001A3-M57-D001-uwsc/deconv/deconv_requested_group_splits/discover/new_catalog_sniffcell094_same_catalog_run_all/harmonized_variants.tsv	chr13:112972157-112972899	3	1,001-5,000
chr1	99682978	99683197	TR	chr1_99682978_99683197	expansion_all	group_a_only	954	3	0	SMHT023-3AN-001MC-M57-D001-bcm	/stornext/snfs210/fritz/Yilei/SMaHT/sniffcell/brains/results_new_catalog_sniffcell094/same_catalog_run/SMHT023-3AN-001MC-M57-D001-bcm/deconv/deconv_requested_group_splits/discover/new_catalog_sniffcell094_same_catalog_run_all/harmonized_variants.tsv	chr1:99682978-99683197	3	501-1,000
chr13	77703851	77705128	TR	chr13_77703851_77705128	expansion_all	group_b_only	208	0	4	SMHT023-3AN-001MC-M57-D001-bcm	/stornext/snfs210/fritz/Yilei/SMaHT/sniffcell/brains/results_new_catalog_sniffcell094/same_catalog_run/SMHT023-3AN-001MC-M57-D001-bcm/deconv/deconv_requested_group_splits/discover/new_catalog_sniffcell094_same_catalog_run_all/harmonized_variants.tsv	chr13:77703851-77705128	4	101-250
chr16	21834701	21837624	TR	chr16_21834701_21837624	expansion_all	group_b_only	343	0	3	SMHT023-3AN-001MC-M57-D001-bcm	/stornext/snfs210/fritz/Yilei/SMaHT/sniffcell/brains/results_new_catalog_sniffcell094/same_catalog_run/SMHT023-3AN-001MC-M57-D001-bcm/deconv/deconv_requested_group_splits/discover/new_catalog_sniffcell094_same_catalog_run_all/harmonized_variants.tsv	chr16:21834701-21837624	3	251-500
chr9	66249319	66249834	TR	chr9_66249319_66249834	expansion_all	group_a_only	1569	8	0	SMHT024-3AK-001A2-M65-B001-broad	/stornext/snfs210/fritz/Yilei/SMaHT/sniffcell/brains/results_new_catalog_sniffcell094/same_catalog_run/SMHT024-3AK-001A2-M65-B001-broad/deconv/deconv_requested_group_splits/discover/new_catalog_sniffcell094_same_catalog_run_all/harmonized_variants.tsv	chr9:66249319-66249834	8	1,001-5,000
chr9	66249319	66249834	TR	chr9_66249319_66249834	expansion_all	group_a_only	1570	13	0	SMHT024-3AK-001B3-M65-B004-uwsc	/stornext/snfs210/fritz/Yilei/SMaHT/sniffcell/brains/results_new_catalog_sniffcell094/same_catalog_run/SMHT024-3AK-001B3-M65-B004-uwsc/deconv/deconv_requested_group_splits/discover/new_catalog_sniffcell094_same_catalog_run_all/harmonized_variants.tsv	chr9:66249319-66249834	13	1,001-5,000
chr13	77703851	77705128	TR	chr13_77703851_77705128	expansion_all	group_b_only	304	0	3	SMHT024-3AK-001B3-M65-B004-uwsc	/stornext/snfs210/fritz/Yilei/SMaHT/sniffcell/brains/results_new_catalog_sniffcell094/same_catalog_run/SMHT024-3AK-001B3-M65-B004-uwsc/deconv/deconv_requested_group_splits/discover/new_catalog_sniffcell094_same_catalog_run_all/harmonized_variants.tsv	chr13:77703851-77705128	3	251-500
chr20	47541318	47541493	TR	chr20_47541318_47541493	expansion_all	group_b_only	184	0	13	SMHT024-3AK-001C3-M65-D001-uwsc	/stornext/snfs210/fritz/Yilei/SMaHT/sniffcell/brains/results_new_catalog_sniffcell094/same_catalog_run/SMHT024-3AK-001C3-M65-D001-uwsc/deconv/deconv_requested_group_splits/discover/new_catalog_sniffcell094_same_catalog_run_all/harmonized_variants.tsv	chr20:47541318-47541493	13	101-250
chr9	66249319	66249834	TR	chr9_66249319_66249834	expansion_all	group_a_only	1567	9	0	SMHT024-3AL-001A2-M65-B001-broad	/stornext/snfs210/fritz/Yilei/SMaHT/sniffcell/brains/results_new_catalog_sniffcell094/same_catalog_run/SMHT024-3AL-001A2-M65-B001-broad/deconv/deconv_requested_group_splits/discover/new_catalog_sniffcell094_same_catalog_run_all/harmonized_variants.tsv	chr9:66249319-66249834	9	1,001-5,000
chr16	90116644	90118559	TR	chr16_90116644_90118559	expansion_all	group_a_only	64	3	0	SMHT024-3AL-001A2-M65-B001-broad	/stornext/snfs210/fritz/Yilei/SMaHT/sniffcell/brains/results_new_catalog_sniffcell094/same_catalog_run/SMHT024-3AL-001A2-M65-B001-broad/deconv/deconv_requested_group_splits/discover/new_catalog_sniffcell094_same_catalog_run_all/harmonized_variants.tsv	chr16:90116644-90118559	3	1-100
chr9	66249319	66249834	TR	chr9_66249319_66249834	expansion_all	group_b_only	1571	0	8	SMHT024-3AM-002B1-M65-B001-broad	/stornext/snfs210/fritz/Yilei/SMaHT/sniffcell/brains/results_new_catalog_sniffcell094/same_catalog_run/SMHT024-3AM-002B1-M65-B001-broad/deconv/deconv_requested_group_splits/discover/new_catalog_sniffcell094_same_catalog_run_all/harmonized_variants.tsv	chr9:66249319-66249834	8	1,001-5,000
chr16	90116644	90118559	TR	chr16_90116644_90118559	expansion_all	group_a_only	1262	6	0	SMHT024-3AM-002B1-M65-B001-broad	/stornext/snfs210/fritz/Yilei/SMaHT/sniffcell/brains/results_new_catalog_sniffcell094/same_catalog_run/SMHT024-3AM-002B1-M65-B001-broad/deconv/deconv_requested_group_splits/discover/new_catalog_sniffcell094_same_catalog_run_all/harmonized_variants.tsv	chr16:90116644-90118559	6	1,001-5,000
chr21	16747274	16747740	TR	chr21_16747274_16747740	expansion_all	group_a_only	147	6	0	SMHT024-3AM-002B1-M65-B001-broad	/stornext/snfs210/fritz/Yilei/SMaHT/sniffcell/brains/results_new_catalog_sniffcell094/same_catalog_run/SMHT024-3AM-002B1-M65-B001-broad/deconv/deconv_requested_group_splits/discover/new_catalog_sniffcell094_same_catalog_run_all/harmonized_variants.tsv	chr21:16747274-16747740	6	101-250
chr14	23280657	23280816	TR	chr14_23280657_23280816	expansion_all	group_a_only	174	4	0	SMHT027-3AL-002D1-F67-D001-nygc	/stornext/snfs210/fritz/Yilei/SMaHT/sniffcell/brains/results_new_catalog_sniffcell094/same_catalog_run/SMHT027-3AL-002D1-F67-D001-nygc/deconv/deconv_requested_group_splits/discover/new_catalog_sniffcell094_same_catalog_run_all/harmonized_variants.tsv	chr14:23280657-23280816	4	101-250
chr9	66249319	66249834	TR	chr9_66249319_66249834	expansion_all	group_b_only	1235	0	3	SMHT027-3AM-002A2-F67-B001-broad	/stornext/snfs210/fritz/Yilei/SMaHT/sniffcell/brains/results_new_catalog_sniffcell094/same_catalog_run/SMHT027-3AM-002A2-F67-B001-broad/deconv/deconv_requested_group_splits/discover/new_catalog_sniffcell094_same_catalog_run_all/harmonized_variants.tsv	chr9:66249319-66249834	3	1,001-5,000
chr9	64462195	64462443	TR	chr9_64462195_64462443	expansion_all	group_b_only	476	0	3	SMHT027-3AM-002C3-F67-D001-nygc	/stornext/snfs210/fritz/Yilei/SMaHT/sniffcell/brains/results_new_catalog_sniffcell094/same_catalog_run/SMHT027-3AM-002C3-F67-D001-nygc/deconv/deconv_requested_group_splits/discover/new_catalog_sniffcell094_same_catalog_run_all/harmonized_variants.tsv	chr9:64462195-64462443	3	251-500
chr4	83001822	83002007	TR	chr4_83001822_83002007	expansion_all	group_a_only	285	3	0	SMHT031-3AK-003C3-M65-D001-bcm	/stornext/snfs210/fritz/Yilei/SMaHT/sniffcell/brains/results_new_catalog_sniffcell094/same_catalog_run/SMHT031-3AK-003C3-M65-D001-bcm/deconv/deconv_requested_group_splits/discover/new_catalog_sniffcell094_same_catalog_run_all/harmonized_variants.tsv	chr4:83001822-83002007	3	251-500
chr9	66249319	66249834	TR	chr9_66249319_66249834	expansion_all	group_b_only	1170	0	6	SMHT031-3AK-003C3-M65-D001-bcm	/stornext/snfs210/fritz/Yilei/SMaHT/sniffcell/brains/results_new_catalog_sniffcell094/same_catalog_run/SMHT031-3AK-003C3-M65-D001-bcm/deconv/deconv_requested_group_splits/discover/new_catalog_sniffcell094_same_catalog_run_all/harmonized_variants.tsv	chr9:66249319-66249834	6	1,001-5,000
chr16	21834701	21837624	TR	chr16_21834701_21837624	expansion_all	group_b_only	596	0	11	SMHT031-3AK-003C3-M65-D001-bcm	/stornext/snfs210/fritz/Yilei/SMaHT/sniffcell/brains/results_new_catalog_sniffcell094/same_catalog_run/SMHT031-3AK-003C3-M65-D001-bcm/deconv/deconv_requested_group_splits/discover/new_catalog_sniffcell094_same_catalog_run_all/harmonized_variants.tsv	chr16:21834701-21837624	11	501-1,000
chr17	83211545	83211878	TR	chr17_83211545_83211878	expansion_all	group_b_only	403	0	9	SMHT031-3AK-003C3-M65-D001-bcm	/stornext/snfs210/fritz/Yilei/SMaHT/sniffcell/brains/results_new_catalog_sniffcell094/same_catalog_run/SMHT031-3AK-003C3-M65-D001-bcm/deconv/deconv_requested_group_splits/discover/new_catalog_sniffcell094_same_catalog_run_all/harmonized_variants.tsv	chr17:83211545-83211878	9	251-500
chr18	70465074	70465287	TR	chr18_70465074_70465287	expansion_all	group_a_only	368	10	0	SMHT031-3AK-003C3-M65-D001-bcm	/stornext/snfs210/fritz/Yilei/SMaHT/sniffcell/brains/results_new_catalog_sniffcell094/same_catalog_run/SMHT031-3AK-003C3-M65-D001-bcm/deconv/deconv_requested_group_splits/discover/new_catalog_sniffcell094_same_catalog_run_all/harmonized_variants.tsv	chr18:70465074-70465287	10	251-500
chr18	79200678	79200809	TR	chr18_79200678_79200809	expansion_all	group_b_only	3189	0	12	SMHT031-3AK-003C3-M65-D001-bcm	/stornext/snfs210/fritz/Yilei/SMaHT/sniffcell/brains/results_new_catalog_sniffcell094/same_catalog_run/SMHT031-3AK-003C3-M65-D001-bcm/deconv/deconv_requested_group_splits/discover/new_catalog_sniffcell094_same_catalog_run_all/harmonized_variants.tsv	chr18:79200678-79200809	12	1,001-5,000
chr1	611255	612570	TR	chr1_611255_612570	expansion_all	group_b_only	727	0	7	SMHT031-3AL-001MC-M65-B001-washu	/stornext/snfs210/fritz/Yilei/SMaHT/sniffcell/brains/results_new_catalog_sniffcell094/same_catalog_run/SMHT031-3AL-001MC-M65-B001-washu/deconv/deconv_requested_group_splits/discover/new_catalog_sniffcell094_same_catalog_run_all/harmonized_variants.tsv	chr1:611255-612570	7	501-1,000
chr9	66249319	66249834	TR	chr9_66249319_66249834	expansion_all	group_a_only	1506	10	0	SMHT031-3AL-001MC-M65-B001-washu	/stornext/snfs210/fritz/Yilei/SMaHT/sniffcell/brains/results_new_catalog_sniffcell094/same_catalog_run/SMHT031-3AL-001MC-M65-B001-washu/deconv/deconv_requested_group_splits/discover/new_catalog_sniffcell094_same_catalog_run_all/harmonized_variants.tsv	chr9:66249319-66249834	10	1,001-5,000
chr13	77703851	77705128	TR	chr13_77703851_77705128	expansion_all	group_b_only	89	0	3	SMHT031-3AL-001MC-M65-B001-washu	/stornext/snfs210/fritz/Yilei/SMaHT/sniffcell/brains/results_new_catalog_sniffcell094/same_catalog_run/SMHT031-3AL-001MC-M65-B001-washu/deconv/deconv_requested_group_splits/discover/new_catalog_sniffcell094_same_catalog_run_all/harmonized_variants.tsv	chr13:77703851-77705128	3	1-100
chr16	21834701	21837624	TR	chr16_21834701_21837624	expansion_all	group_b_only	604	0	4	SMHT031-3AL-001MC-M65-B001-washu	/stornext/snfs210/fritz/Yilei/SMaHT/sniffcell/brains/results_new_catalog_sniffcell094/same_catalog_run/SMHT031-3AL-001MC-M65-B001-washu/deconv/deconv_requested_group_splits/discover/new_catalog_sniffcell094_same_catalog_run_all/harmonized_variants.tsv	chr16:21834701-21837624	4	501-1,000
chr1	51906786	51906926	TR	chr1_51906786_51906926	expansion_all	group_b_only	333	0	4	SMHT031-3AL-001MC-M65-D001-bcm	/stornext/snfs210/fritz/Yilei/SMaHT/sniffcell/brains/results_new_catalog_sniffcell094/same_catalog_run/SMHT031-3AL-001MC-M65-D001-bcm/deconv/deconv_requested_group_splits/discover/new_catalog_sniffcell094_same_catalog_run_all/harmonized_variants.tsv	chr1:51906786-51906926	4	251-500
chr1	66630776	66631127	TR	chr1_66630776_66631127	expansion_all	group_a_only	108	7	0	SMHT031-3AL-001MC-M65-D001-bcm	/stornext/snfs210/fritz/Yilei/SMaHT/sniffcell/brains/results_new_catalog_sniffcell094/same_catalog_run/SMHT031-3AL-001MC-M65-D001-bcm/deconv/deconv_requested_group_splits/discover/new_catalog_sniffcell094_same_catalog_run_all/harmonized_variants.tsv	chr1:66630776-66631127	7	101-250
chr16	21834701	21837624	TR	chr16_21834701_21837624	expansion_all	group_b_only	613	0	9	SMHT031-3AL-001MC-M65-D001-bcm	/stornext/snfs210/fritz/Yilei/SMaHT/sniffcell/brains/results_new_catalog_sniffcell094/same_catalog_run/SMHT031-3AL-001MC-M65-D001-bcm/deconv/deconv_requested_group_splits/discover/new_catalog_sniffcell094_same_catalog_run_all/harmonized_variants.tsv	chr16:21834701-21837624	9	501-1,000
chr9	66249319	66249834	TR	chr9_66249319_66249834	expansion_all	group_a_only	336	4	0	SMHT031-3AM-002C2-M65-B001-washu	/stornext/snfs210/fritz/Yilei/SMaHT/sniffcell/brains/results_new_catalog_sniffcell094/same_catalog_run/SMHT031-3AM-002C2-M65-B001-washu/deconv/deconv_requested_group_splits/discover/new_catalog_sniffcell094_same_catalog_run_all/harmonized_variants.tsv	chr9:66249319-66249834	4	251-500
chr5	168746233	168747037	TR	chr5_168746233_168747037	expansion_all	group_a_only	526	26	0	SMHT031-3AM-002C4-M65-D001-bcm	/stornext/snfs210/fritz/Yilei/SMaHT/sniffcell/brains/results_new_catalog_sniffcell094/same_catalog_run/SMHT031-3AM-002C4-M65-D001-bcm/deconv/deconv_requested_group_splits/discover/new_catalog_sniffcell094_same_catalog_run_all/harmonized_variants.tsv	chr5:168746233-168747037	26	501-1,000
chr16	21834701	21837624	TR	chr16_21834701_21837624	expansion_all	group_b_only	597	0	12	SMHT031-3AM-002C4-M65-D001-bcm	/stornext/snfs210/fritz/Yilei/SMaHT/sniffcell/brains/results_new_catalog_sniffcell094/same_catalog_run/SMHT031-3AM-002C4-M65-D001-bcm/deconv/deconv_requested_group_splits/discover/new_catalog_sniffcell094_same_catalog_run_all/harmonized_variants.tsv	chr16:21834701-21837624	12	501-1,000
chr1	51906786	51906926	TR	chr1_51906786_51906926	expansion_all	group_b_only	7747	0	3	SMHT031-3AN-001A2-M65-D001-bcm	/stornext/snfs210/fritz/Yilei/SMaHT/sniffcell/brains/results_new_catalog_sniffcell094/same_catalog_run/SMHT031-3AN-001A2-M65-D001-bcm/deconv/deconv_requested_group_splits/discover/new_catalog_sniffcell094_same_catalog_run_all/harmonized_variants.tsv	chr1:51906786-51906926	3	>5,000
chr9	66249319	66249834	TR	chr9_66249319_66249834	expansion_all	group_b_only	2252	0	4	SMHT031-3AN-001A2-M65-D001-bcm	/stornext/snfs210/fritz/Yilei/SMaHT/sniffcell/brains/results_new_catalog_sniffcell094/same_catalog_run/SMHT031-3AN-001A2-M65-D001-bcm/deconv/deconv_requested_group_splits/discover/new_catalog_sniffcell094_same_catalog_run_all/harmonized_variants.tsv	chr9:66249319-66249834	4	1,001-5,000
chr16	21834701	21837624	TR	chr16_21834701_21837624	expansion_all	group_b_only	590	0	13	SMHT031-3AN-001A2-M65-D001-bcm	/stornext/snfs210/fritz/Yilei/SMaHT/sniffcell/brains/results_new_catalog_sniffcell094/same_catalog_run/SMHT031-3AN-001A2-M65-D001-bcm/deconv/deconv_requested_group_splits/discover/new_catalog_sniffcell094_same_catalog_run_all/harmonized_variants.tsv	chr16:21834701-21837624	13	501-1,000
chr9	66249319	66249834	TR	chr9_66249319_66249834	expansion_all	group_a_only	1507	14	0	SMHT031-3AN-001B2-M65-B001-washu	/stornext/snfs210/fritz/Yilei/SMaHT/sniffcell/brains/results_new_catalog_sniffcell094/same_catalog_run/SMHT031-3AN-001B2-M65-B001-washu/deconv/deconv_requested_group_splits/discover/new_catalog_sniffcell094_same_catalog_run_all/harmonized_variants.tsv	chr9:66249319-66249834	14	1,001-5,000
chr16	21834701	21837624	TR	chr16_21834701_21837624	expansion_all	group_b_only	594	0	3	SMHT031-3AN-001B2-M65-B001-washu	/stornext/snfs210/fritz/Yilei/SMaHT/sniffcell/brains/results_new_catalog_sniffcell094/same_catalog_run/SMHT031-3AN-001B2-M65-B001-washu/deconv/deconv_requested_group_splits/discover/new_catalog_sniffcell094_same_catalog_run_all/harmonized_variants.tsv	chr16:21834701-21837624	3	501-1,000
chr9	66249319	66249834	TR	chr9_66249319_66249834	expansion_all	group_a_only	1610	20	0	SMHT039-3AK-001A3-M74-B001-washu	/stornext/snfs210/fritz/Yilei/SMaHT/sniffcell/brains/results_new_catalog_sniffcell094/same_catalog_run/SMHT039-3AK-001A3-M74-B001-washu/deconv/deconv_requested_group_splits/discover/new_catalog_sniffcell094_same_catalog_run_all/harmonized_variants.tsv	chr9:66249319-66249834	20	1,001-5,000
chr9	64462195	64462443	TR	chr9_64462195_64462443	expansion_all	group_b_only	479	0	7	SMHT039-3AK-001C3-M74-D001-nygc	/stornext/snfs210/fritz/Yilei/SMaHT/sniffcell/brains/results_new_catalog_sniffcell094/same_catalog_run/SMHT039-3AK-001C3-M74-D001-nygc/deconv/deconv_requested_group_splits/discover/new_catalog_sniffcell094_same_catalog_run_all/harmonized_variants.tsv	chr9:64462195-64462443	7	251-500
chr21	5289032	5293205	TR	chr21_5289032_5293205	expansion_all	group_b_only	2902	0	3	SMHT039-3AK-001C3-M74-D001-nygc	/stornext/snfs210/fritz/Yilei/SMaHT/sniffcell/brains/results_new_catalog_sniffcell094/same_catalog_run/SMHT039-3AK-001C3-M74-D001-nygc/deconv/deconv_requested_group_splits/discover/new_catalog_sniffcell094_same_catalog_run_all/harmonized_variants.tsv	chr21:5289032-5293205	3	1,001-5,000
chr22	21308557	21309542	TR	chr22_21308557_21309542	expansion_all	group_b_only	328	0	3	SMHT039-3AK-001C3-M74-D001-nygc	/stornext/snfs210/fritz/Yilei/SMaHT/sniffcell/brains/results_new_catalog_sniffcell094/same_catalog_run/SMHT039-3AK-001C3-M74-D001-nygc/deconv/deconv_requested_group_splits/discover/new_catalog_sniffcell094_same_catalog_run_all/harmonized_variants.tsv	chr22:21308557-21309542	3	251-500
chrX	56780941	56783155	TR	chrX_56780941_56783155	expansion_all	group_a_only	1036	9	0	SMHT039-3AK-001C3-M74-D001-nygc	/stornext/snfs210/fritz/Yilei/SMaHT/sniffcell/brains/results_new_catalog_sniffcell094/same_catalog_run/SMHT039-3AK-001C3-M74-D001-nygc/deconv/deconv_requested_group_splits/discover/new_catalog_sniffcell094_same_catalog_run_all/harmonized_variants.tsv	chrX:56780941-56783155	9	1,001-5,000
chr16	90116644	90118559	TR	chr16_90116644_90118559	expansion_all	group_b_only	64	0	6	SMHT039-3AM-001B3-M74-B001-washu	/stornext/snfs210/fritz/Yilei/SMaHT/sniffcell/brains/results_new_catalog_sniffcell094/same_catalog_run/SMHT039-3AM-001B3-M74-B001-washu/deconv/deconv_requested_group_splits/discover/new_catalog_sniffcell094_same_catalog_run_all/harmonized_variants.tsv	chr16:90116644-90118559	6	1-100
chr10	130051195	130052191	TR	chr10_130051195_130052191	expansion_all	group_b_only	76	0	16	SMHT039-3AM-001C1-M74-D001-nygc	/stornext/snfs210/fritz/Yilei/SMaHT/sniffcell/brains/results_new_catalog_sniffcell094/same_catalog_run/SMHT039-3AM-001C1-M74-D001-nygc/deconv/deconv_requested_group_splits/discover/new_catalog_sniffcell094_same_catalog_run_all/harmonized_variants.tsv	chr10:130051195-130052191	16	1-100
chr20	30676078	30676308	TR	chr20_30676078_30676308	expansion_all	group_a_only	144	4	0	SMHT039-3AM-001C1-M74-D001-nygc	/stornext/snfs210/fritz/Yilei/SMaHT/sniffcell/brains/results_new_catalog_sniffcell094/same_catalog_run/SMHT039-3AM-001C1-M74-D001-nygc/deconv/deconv_requested_group_splits/discover/new_catalog_sniffcell094_same_catalog_run_all/harmonized_variants.tsv	chr20:30676078-30676308	4	101-250
chr9	66249319	66249834	TR	chr9_66249319_66249834	expansion_all	group_a_only	1578	20	0	SMHT039-3AN-002C1-M74-B001-washu	/stornext/snfs210/fritz/Yilei/SMaHT/sniffcell/brains/results_new_catalog_sniffcell094/same_catalog_run/SMHT039-3AN-002C1-M74-B001-washu/deconv/deconv_requested_group_splits/discover/new_catalog_sniffcell094_same_catalog_run_all/harmonized_variants.tsv	chr9:66249319-66249834	20	1,001-5,000
chr10	129223357	129224464	TR	chr10_129223357_129224464	expansion_all	group_b_only	71	0	9	SMHT039-3AN-002C1-M74-B001-washu	/stornext/snfs210/fritz/Yilei/SMaHT/sniffcell/brains/results_new_catalog_sniffcell094/same_catalog_run/SMHT039-3AN-002C1-M74-B001-washu/deconv/deconv_requested_group_splits/discover/new_catalog_sniffcell094_same_catalog_run_all/harmonized_variants.tsv	chr10:129223357-129224464	9	1-100
chr19	33757354	33757634	TR	chr19_33757354_33757634	expansion_all	group_b_only	99	0	10	SMHT039-3AN-002C1-M74-B001-washu	/stornext/snfs210/fritz/Yilei/SMaHT/sniffcell/brains/results_new_catalog_sniffcell094/same_catalog_run/SMHT039-3AN-002C1-M74-B001-washu/deconv/deconv_requested_group_splits/discover/new_catalog_sniffcell094_same_catalog_run_all/harmonized_variants.tsv	chr19:33757354-33757634	10	1-100
chr3	40377393	40377697	TR	chr3_40377393_40377697	expansion_all	group_b_only	1821	0	3	SMHT039-3AO-002A2-M74-D001-nygc	/stornext/snfs210/fritz/Yilei/SMaHT/sniffcell/brains/results_new_catalog_sniffcell094/same_catalog_run/SMHT039-3AO-002A2-M74-D001-nygc/deconv/deconv_requested_group_splits/discover/new_catalog_sniffcell094_same_catalog_run_all/harmonized_variants.tsv	chr3:40377393-40377697	3	1,001-5,000
chr13	77703851	77705128	TR	chr13_77703851_77705128	expansion_all	group_b_only	209	0	3	SMHT039-3AO-002A2-M74-D001-nygc	/stornext/snfs210/fritz/Yilei/SMaHT/sniffcell/brains/results_new_catalog_sniffcell094/same_catalog_run/SMHT039-3AO-002A2-M74-D001-nygc/deconv/deconv_requested_group_splits/discover/new_catalog_sniffcell094_same_catalog_run_all/harmonized_variants.tsv	chr13:77703851-77705128	3	101-250
chr22	21308557	21309542	TR	chr22_21308557_21309542	expansion_all	group_b_only	431	0	4	SMHT039-3AO-002A2-M74-D001-nygc	/stornext/snfs210/fritz/Yilei/SMaHT/sniffcell/brains/results_new_catalog_sniffcell094/same_catalog_run/SMHT039-3AO-002A2-M74-D001-nygc/deconv/deconv_requested_group_splits/discover/new_catalog_sniffcell094_same_catalog_run_all/harmonized_variants.tsv	chr22:21308557-21309542	4	251-500
chr1	602071	602394	TR	chr1_602071_602394	expansion_all	group_b_only	279	0	6	SMHT040-3AK-001C2-F89-B004-uwsc	/stornext/snfs210/fritz/Yilei/SMaHT/sniffcell/brains/results_new_catalog_sniffcell094/same_catalog_run/SMHT040-3AK-001C2-F89-B004-uwsc/deconv/deconv_requested_group_splits/discover/new_catalog_sniffcell094_same_catalog_run_all/harmonized_variants.tsv	chr1:602071-602394	6	251-500
chr9	66249319	66249834	TR	chr9_66249319_66249834	expansion_all	group_a_only	1362	13	0	SMHT040-3AK-001C2-F89-B004-uwsc	/stornext/snfs210/fritz/Yilei/SMaHT/sniffcell/brains/results_new_catalog_sniffcell094/same_catalog_run/SMHT040-3AK-001C2-F89-B004-uwsc/deconv/deconv_requested_group_splits/discover/new_catalog_sniffcell094_same_catalog_run_all/harmonized_variants.tsv	chr9:66249319-66249834	13	1,001-5,000
chr13	77703851	77705128	TR	chr13_77703851_77705128	expansion_all	group_b_only	171	0	3	SMHT040-3AK-001C2-F89-B004-uwsc	/stornext/snfs210/fritz/Yilei/SMaHT/sniffcell/brains/results_new_catalog_sniffcell094/same_catalog_run/SMHT040-3AK-001C2-F89-B004-uwsc/deconv/deconv_requested_group_splits/discover/new_catalog_sniffcell094_same_catalog_run_all/harmonized_variants.tsv	chr13:77703851-77705128	3	101-250
chr20	30676078	30676308	TR	chr20_30676078_30676308	expansion_all	group_a_only	148	4	0	SMHT040-3AK-001C2-F89-B004-uwsc	/stornext/snfs210/fritz/Yilei/SMaHT/sniffcell/brains/results_new_catalog_sniffcell094/same_catalog_run/SMHT040-3AK-001C2-F89-B004-uwsc/deconv/deconv_requested_group_splits/discover/new_catalog_sniffcell094_same_catalog_run_all/harmonized_variants.tsv	chr20:30676078-30676308	4	101-250
chr3	195966964	195967238	TR	chr3_195966964_195967238	expansion_all	group_b_only	58	0	3	SMHT040-3AL-001B2-F89-D001-bcm	/stornext/snfs210/fritz/Yilei/SMaHT/sniffcell/brains/results_new_catalog_sniffcell094/same_catalog_run/SMHT040-3AL-001B2-F89-D001-bcm/deconv/deconv_requested_group_splits/discover/new_catalog_sniffcell094_same_catalog_run_all/harmonized_variants.tsv	chr3:195966964-195967238	3	1-100
chr13	77703851	77705128	TR	chr13_77703851_77705128	expansion_all	group_b_only	81	0	3	SMHT040-3AL-001B2-F89-D001-bcm	/stornext/snfs210/fritz/Yilei/SMaHT/sniffcell/brains/results_new_catalog_sniffcell094/same_catalog_run/SMHT040-3AL-001B2-F89-D001-bcm/deconv/deconv_requested_group_splits/discover/new_catalog_sniffcell094_same_catalog_run_all/harmonized_variants.tsv	chr13:77703851-77705128	3	1-100
chr16	90116644	90118559	TR	chr16_90116644_90118559	expansion_all	group_a_only	141	13	0	SMHT040-3AL-001B2-F89-D001-bcm	/stornext/snfs210/fritz/Yilei/SMaHT/sniffcell/brains/results_new_catalog_sniffcell094/same_catalog_run/SMHT040-3AL-001B2-F89-D001-bcm/deconv/deconv_requested_group_splits/discover/new_catalog_sniffcell094_same_catalog_run_all/harmonized_variants.tsv	chr16:90116644-90118559	13	101-250
chr17	62864922	62865064	TR	chr17_62864922_62865064	expansion_all	group_a_only	2040	3	0	SMHT040-3AL-001B2-F89-D001-bcm	/stornext/snfs210/fritz/Yilei/SMaHT/sniffcell/brains/results_new_catalog_sniffcell094/same_catalog_run/SMHT040-3AL-001B2-F89-D001-bcm/deconv/deconv_requested_group_splits/discover/new_catalog_sniffcell094_same_catalog_run_all/harmonized_variants.tsv	chr17:62864922-62865064	3	1,001-5,000
chr1	602071	602394	TR	chr1_602071_602394	expansion_all	group_b_only	279	0	3	SMHT040-3AL-001C3-F89-B004-uwsc	/stornext/snfs210/fritz/Yilei/SMaHT/sniffcell/brains/results_new_catalog_sniffcell094/same_catalog_run/SMHT040-3AL-001C3-F89-B004-uwsc/deconv/deconv_requested_group_splits/discover/new_catalog_sniffcell094_same_catalog_run_all/harmonized_variants.tsv	chr1:602071-602394	3	251-500
chr9	66249319	66249834	TR	chr9_66249319_66249834	expansion_all	group_a_only	1329	20	0	SMHT040-3AL-001C3-F89-B004-uwsc	/stornext/snfs210/fritz/Yilei/SMaHT/sniffcell/brains/results_new_catalog_sniffcell094/same_catalog_run/SMHT040-3AL-001C3-F89-B004-uwsc/deconv/deconv_requested_group_splits/discover/new_catalog_sniffcell094_same_catalog_run_all/harmonized_variants.tsv	chr9:66249319-66249834	20	1,001-5,000
chr16	21834701	21837624	TR	chr16_21834701_21837624	expansion_all	group_a_only	140	8	0	SMHT040-3AL-001C3-F89-B004-uwsc	/stornext/snfs210/fritz/Yilei/SMaHT/sniffcell/brains/results_new_catalog_sniffcell094/same_catalog_run/SMHT040-3AL-001C3-F89-B004-uwsc/deconv/deconv_requested_group_splits/discover/new_catalog_sniffcell094_same_catalog_run_all/harmonized_variants.tsv	chr16:21834701-21837624	8	101-250
chr16	90116644	90118559	TR	chr16_90116644_90118559	expansion_all	group_a_only	104	16	0	SMHT040-3AM-001C1-F89-D001-bcm	/stornext/snfs210/fritz/Yilei/SMaHT/sniffcell/brains/results_new_catalog_sniffcell094/same_catalog_run/SMHT040-3AM-001C1-F89-D001-bcm/deconv/deconv_requested_group_splits/discover/new_catalog_sniffcell094_same_catalog_run_all/harmonized_variants.tsv	chr16:90116644-90118559	16	101-250
chr9	64462195	64462443	TR	chr9_64462195_64462443	expansion_all	group_b_only	517	0	5	SMHT040-3AN-001B1-F89-D001-bcm	/stornext/snfs210/fritz/Yilei/SMaHT/sniffcell/brains/results_new_catalog_sniffcell094/same_catalog_run/SMHT040-3AN-001B1-F89-D001-bcm/deconv/deconv_requested_group_splits/discover/new_catalog_sniffcell094_same_catalog_run_all/harmonized_variants.tsv	chr9:64462195-64462443	5	501-1,000
chr13	77703851	77705128	TR	chr13_77703851_77705128	expansion_all	group_b_only	116	0	3	SMHT040-3AN-001B1-F89-D001-bcm	/stornext/snfs210/fritz/Yilei/SMaHT/sniffcell/brains/results_new_catalog_sniffcell094/same_catalog_run/SMHT040-3AN-001B1-F89-D001-bcm/deconv/deconv_requested_group_splits/discover/new_catalog_sniffcell094_same_catalog_run_all/harmonized_variants.tsv	chr13:77703851-77705128	3	101-250
chr16	90116644	90118559	TR	chr16_90116644_90118559	expansion_all	group_a_only	147	20	0	SMHT040-3AN-001B1-F89-D001-bcm	/stornext/snfs210/fritz/Yilei/SMaHT/sniffcell/brains/results_new_catalog_sniffcell094/same_catalog_run/SMHT040-3AN-001B1-F89-D001-bcm/deconv/deconv_requested_group_splits/discover/new_catalog_sniffcell094_same_catalog_run_all/harmonized_variants.tsv	chr16:90116644-90118559	20	101-250
chr2	109199301	109199876	TR	chr2_109199301_109199876	expansion_all	group_a_only	4422	4	0	SMHT043-3AK-002B2-M52-D001-bcm	/stornext/snfs210/fritz/Yilei/SMaHT/sniffcell/brains/results_new_catalog_sniffcell094/same_catalog_run/SMHT043-3AK-002B2-M52-D001-bcm/deconv/deconv_requested_group_splits/discover/new_catalog_sniffcell094_same_catalog_run_all/harmonized_variants.tsv	chr2:109199301-109199876	4	1,001-5,000
chr3	18787864	18789054	TR	chr3_18787864_18789054	expansion_all	group_b_only	1446	0	3	SMHT043-3AK-002B2-M52-D001-bcm	/stornext/snfs210/fritz/Yilei/SMaHT/sniffcell/brains/results_new_catalog_sniffcell094/same_catalog_run/SMHT043-3AK-002B2-M52-D001-bcm/deconv/deconv_requested_group_splits/discover/new_catalog_sniffcell094_same_catalog_run_all/harmonized_variants.tsv	chr3:18787864-18789054	3	1,001-5,000
chr11	36350880	36351816	TR	chr11_36350880_36351816	expansion_all	group_a_only	3234	3	0	SMHT043-3AK-002B2-M52-D001-bcm	/stornext/snfs210/fritz/Yilei/SMaHT/sniffcell/brains/results_new_catalog_sniffcell094/same_catalog_run/SMHT043-3AK-002B2-M52-D001-bcm/deconv/deconv_requested_group_splits/discover/new_catalog_sniffcell094_same_catalog_run_all/harmonized_variants.tsv	chr11:36350880-36351816	3	1,001-5,000
chr13	77703851	77705128	TR	chr13_77703851_77705128	expansion_all	group_a_only	938	3	0	SMHT043-3AK-002B2-M52-D001-bcm	/stornext/snfs210/fritz/Yilei/SMaHT/sniffcell/brains/results_new_catalog_sniffcell094/same_catalog_run/SMHT043-3AK-002B2-M52-D001-bcm/deconv/deconv_requested_group_splits/discover/new_catalog_sniffcell094_same_catalog_run_all/harmonized_variants.tsv	chr13:77703851-77705128	3	501-1,000
chr3	18787864	18789054	TR	chr3_18787864_18789054	expansion_all	group_b_only	743	0	10	SMHT043-3AK-002MC-M52-B004-uwsc	/stornext/snfs210/fritz/Yilei/SMaHT/sniffcell/brains/results_new_catalog_sniffcell094/same_catalog_run/SMHT043-3AK-002MC-M52-B004-uwsc/deconv/deconv_requested_group_splits/discover/new_catalog_sniffcell094_same_catalog_run_all/harmonized_variants.tsv	chr3:18787864-18789054	10	501-1,000
chr9	66249319	66249834	TR	chr9_66249319_66249834	expansion_all	group_a_only	1484	9	0	SMHT043-3AK-002MC-M52-B004-uwsc	/stornext/snfs210/fritz/Yilei/SMaHT/sniffcell/brains/results_new_catalog_sniffcell094/same_catalog_run/SMHT043-3AK-002MC-M52-B004-uwsc/deconv/deconv_requested_group_splits/discover/new_catalog_sniffcell094_same_catalog_run_all/harmonized_variants.tsv	chr9:66249319-66249834	9	1,001-5,000
chr13	77703851	77705128	TR	chr13_77703851_77705128	expansion_all	group_b_only	110	0	5	SMHT043-3AK-002MC-M52-B004-uwsc	/stornext/snfs210/fritz/Yilei/SMaHT/sniffcell/brains/results_new_catalog_sniffcell094/same_catalog_run/SMHT043-3AK-002MC-M52-B004-uwsc/deconv/deconv_requested_group_splits/discover/new_catalog_sniffcell094_same_catalog_run_all/harmonized_variants.tsv	chr13:77703851-77705128	5	101-250
chr9	66249319	66249834	TR	chr9_66249319_66249834	expansion_all	group_a_only	1483	14	0	SMHT043-3AL-006MC-M52-B004-uwsc	/stornext/snfs210/fritz/Yilei/SMaHT/sniffcell/brains/results_new_catalog_sniffcell094/same_catalog_run/SMHT043-3AL-006MC-M52-B004-uwsc/deconv/deconv_requested_group_splits/discover/new_catalog_sniffcell094_same_catalog_run_all/harmonized_variants.tsv	chr9:66249319-66249834	14	1,001-5,000
chr22	21308557	21309542	TR	chr22_21308557_21309542	expansion_all	group_a_only	324	7	0	SMHT043-3AL-006MC-M52-B004-uwsc	/stornext/snfs210/fritz/Yilei/SMaHT/sniffcell/brains/results_new_catalog_sniffcell094/same_catalog_run/SMHT043-3AL-006MC-M52-B004-uwsc/deconv/deconv_requested_group_splits/discover/new_catalog_sniffcell094_same_catalog_run_all/harmonized_variants.tsv	chr22:21308557-21309542	7	251-500
chr3	195966964	195967238	TR	chr3_195966964_195967238	expansion_all	group_a_only	57	4	0	SMHT043-3AM-001MC-M52-B004-uwsc	/stornext/snfs210/fritz/Yilei/SMaHT/sniffcell/brains/results_new_catalog_sniffcell094/same_catalog_run/SMHT043-3AM-001MC-M52-B004-uwsc/deconv/deconv_requested_group_splits/discover/new_catalog_sniffcell094_same_catalog_run_all/harmonized_variants.tsv	chr3:195966964-195967238	4	1-100
chr9	66249319	66249834	TR	chr9_66249319_66249834	expansion_all	group_a_only	1481	9	0	SMHT043-3AN-002MC-M52-B004-uwsc	/stornext/snfs210/fritz/Yilei/SMaHT/sniffcell/brains/results_new_catalog_sniffcell094/same_catalog_run/SMHT043-3AN-002MC-M52-B004-uwsc/deconv/deconv_requested_group_splits/discover/new_catalog_sniffcell094_same_catalog_run_all/harmonized_variants.tsv	chr9:66249319-66249834	9	1,001-5,000
